-- MySQL dump 10.11
--
-- Host: localhost    Database: ieeetags
-- ------------------------------------------------------
-- Server version	5.0.51a-community-nt-log

/*!40101 SET @OLD_CHARACTER_SET_CLIENT=@@CHARACTER_SET_CLIENT */;
/*!40101 SET @OLD_CHARACTER_SET_RESULTS=@@CHARACTER_SET_RESULTS */;
/*!40101 SET @OLD_COLLATION_CONNECTION=@@COLLATION_CONNECTION */;
/*!40101 SET NAMES utf8 */;
/*!40103 SET @OLD_TIME_ZONE=@@TIME_ZONE */;
/*!40103 SET TIME_ZONE='+00:00' */;
/*!40014 SET @OLD_UNIQUE_CHECKS=@@UNIQUE_CHECKS, UNIQUE_CHECKS=0 */;
/*!40014 SET @OLD_FOREIGN_KEY_CHECKS=@@FOREIGN_KEY_CHECKS, FOREIGN_KEY_CHECKS=0 */;
/*!40101 SET @OLD_SQL_MODE=@@SQL_MODE, SQL_MODE='NO_AUTO_VALUE_ON_ZERO' */;
/*!40111 SET @OLD_SQL_NOTES=@@SQL_NOTES, SQL_NOTES=0 */;

--
-- Table structure for table `auth_group`
--

DROP TABLE IF EXISTS `auth_group`;
SET @saved_cs_client     = @@character_set_client;
SET character_set_client = utf8;
CREATE TABLE `auth_group` (
  `id` int(11) NOT NULL auto_increment,
  `name` varchar(80) NOT NULL,
  PRIMARY KEY  (`id`),
  UNIQUE KEY `name` (`name`)
) ENGINE=InnoDB DEFAULT CHARSET=latin1;
SET character_set_client = @saved_cs_client;

--
-- Dumping data for table `auth_group`
--

LOCK TABLES `auth_group` WRITE;
/*!40000 ALTER TABLE `auth_group` DISABLE KEYS */;
/*!40000 ALTER TABLE `auth_group` ENABLE KEYS */;
UNLOCK TABLES;

--
-- Table structure for table `auth_group_permissions`
--

DROP TABLE IF EXISTS `auth_group_permissions`;
SET @saved_cs_client     = @@character_set_client;
SET character_set_client = utf8;
CREATE TABLE `auth_group_permissions` (
  `id` int(11) NOT NULL auto_increment,
  `group_id` int(11) NOT NULL,
  `permission_id` int(11) NOT NULL,
  PRIMARY KEY  (`id`),
  UNIQUE KEY `group_id` (`group_id`,`permission_id`),
  KEY `permission_id_refs_id_5886d21f` (`permission_id`),
  CONSTRAINT `permission_id_refs_id_5886d21f` FOREIGN KEY (`permission_id`) REFERENCES `auth_permission` (`id`),
  CONSTRAINT `group_id_refs_id_3cea63fe` FOREIGN KEY (`group_id`) REFERENCES `auth_group` (`id`)
) ENGINE=InnoDB DEFAULT CHARSET=latin1;
SET character_set_client = @saved_cs_client;

--
-- Dumping data for table `auth_group_permissions`
--

LOCK TABLES `auth_group_permissions` WRITE;
/*!40000 ALTER TABLE `auth_group_permissions` DISABLE KEYS */;
/*!40000 ALTER TABLE `auth_group_permissions` ENABLE KEYS */;
UNLOCK TABLES;

--
-- Table structure for table `auth_message`
--

DROP TABLE IF EXISTS `auth_message`;
SET @saved_cs_client     = @@character_set_client;
SET character_set_client = utf8;
CREATE TABLE `auth_message` (
  `id` int(11) NOT NULL auto_increment,
  `user_id` int(11) NOT NULL,
  `message` longtext NOT NULL,
  PRIMARY KEY  (`id`),
  KEY `auth_message_user_id` (`user_id`),
  CONSTRAINT `user_id_refs_id_650f49a6` FOREIGN KEY (`user_id`) REFERENCES `auth_user` (`id`)
) ENGINE=InnoDB DEFAULT CHARSET=latin1;
SET character_set_client = @saved_cs_client;

--
-- Dumping data for table `auth_message`
--

LOCK TABLES `auth_message` WRITE;
/*!40000 ALTER TABLE `auth_message` DISABLE KEYS */;
/*!40000 ALTER TABLE `auth_message` ENABLE KEYS */;
UNLOCK TABLES;

--
-- Table structure for table `auth_permission`
--

DROP TABLE IF EXISTS `auth_permission`;
SET @saved_cs_client     = @@character_set_client;
SET character_set_client = utf8;
CREATE TABLE `auth_permission` (
  `id` int(11) NOT NULL auto_increment,
  `name` varchar(50) NOT NULL,
  `content_type_id` int(11) NOT NULL,
  `codename` varchar(100) NOT NULL,
  PRIMARY KEY  (`id`),
  UNIQUE KEY `content_type_id` (`content_type_id`,`codename`),
  KEY `auth_permission_content_type_id` (`content_type_id`),
  CONSTRAINT `content_type_id_refs_id_728de91f` FOREIGN KEY (`content_type_id`) REFERENCES `django_content_type` (`id`)
) ENGINE=InnoDB AUTO_INCREMENT=49 DEFAULT CHARSET=latin1;
SET character_set_client = @saved_cs_client;

--
-- Dumping data for table `auth_permission`
--

LOCK TABLES `auth_permission` WRITE;
/*!40000 ALTER TABLE `auth_permission` DISABLE KEYS */;
INSERT INTO `auth_permission` VALUES (1,'Can add log entry',1,'add_logentry'),(2,'Can change log entry',1,'change_logentry'),(3,'Can delete log entry',1,'delete_logentry'),(4,'Can add permission',2,'add_permission'),(5,'Can change permission',2,'change_permission'),(6,'Can delete permission',2,'delete_permission'),(7,'Can add group',3,'add_group'),(8,'Can change group',3,'change_group'),(9,'Can delete group',3,'delete_group'),(10,'Can add user',4,'add_user'),(11,'Can change user',4,'change_user'),(12,'Can delete user',4,'delete_user'),(13,'Can add message',5,'add_message'),(14,'Can change message',5,'change_message'),(15,'Can delete message',5,'delete_message'),(16,'Can add content type',6,'add_contenttype'),(17,'Can change content type',6,'change_contenttype'),(18,'Can delete content type',6,'delete_contenttype'),(19,'Can add session',7,'add_session'),(20,'Can change session',7,'change_session'),(21,'Can delete session',7,'delete_session'),(22,'Can add site',8,'add_site'),(23,'Can change site',8,'change_site'),(24,'Can delete site',8,'delete_site'),(25,'Can add node type',9,'add_nodetype'),(26,'Can change node type',9,'change_nodetype'),(27,'Can delete node type',9,'delete_nodetype'),(28,'Can add node',10,'add_node'),(29,'Can change node',10,'change_node'),(30,'Can delete node',10,'delete_node'),(31,'Can add society',11,'add_society'),(32,'Can change society',11,'change_society'),(33,'Can delete society',11,'delete_society'),(34,'Can add resource type',12,'add_resourcetype'),(35,'Can change resource type',12,'change_resourcetype'),(36,'Can delete resource type',12,'delete_resourcetype'),(37,'Can add resource',13,'add_resource'),(38,'Can change resource',13,'change_resource'),(39,'Can delete resource',13,'delete_resource'),(40,'Can add filter',14,'add_filter'),(41,'Can change filter',14,'change_filter'),(42,'Can delete filter',14,'delete_filter'),(43,'Can add permission',15,'add_permission'),(44,'Can change permission',15,'change_permission'),(45,'Can delete permission',15,'delete_permission'),(46,'Can add profile',16,'add_profile'),(47,'Can change profile',16,'change_profile'),(48,'Can delete profile',16,'delete_profile');
/*!40000 ALTER TABLE `auth_permission` ENABLE KEYS */;
UNLOCK TABLES;

--
-- Table structure for table `auth_user`
--

DROP TABLE IF EXISTS `auth_user`;
SET @saved_cs_client     = @@character_set_client;
SET character_set_client = utf8;
CREATE TABLE `auth_user` (
  `id` int(11) NOT NULL auto_increment,
  `username` varchar(30) NOT NULL,
  `first_name` varchar(30) NOT NULL,
  `last_name` varchar(30) NOT NULL,
  `email` varchar(75) NOT NULL,
  `password` varchar(128) NOT NULL,
  `is_staff` tinyint(1) NOT NULL,
  `is_active` tinyint(1) NOT NULL,
  `is_superuser` tinyint(1) NOT NULL,
  `last_login` datetime NOT NULL,
  `date_joined` datetime NOT NULL,
  PRIMARY KEY  (`id`),
  UNIQUE KEY `username` (`username`)
) ENGINE=InnoDB AUTO_INCREMENT=4 DEFAULT CHARSET=latin1;
SET character_set_client = @saved_cs_client;

--
-- Dumping data for table `auth_user`
--

LOCK TABLES `auth_user` WRITE;
/*!40000 ALTER TABLE `auth_user` DISABLE KEYS */;
INSERT INTO `auth_user` VALUES (1,'admin','Admin','','admin@systemicist.com','sha1$7524e$bb4a8fcc308e0e8a4451ce4428ecd7d487985fd5',1,1,1,'2009-04-10 11:25:06','2009-03-11 14:39:39'),(2,'soc','Society','','','sha1$314b1$ea2b7ef38fb49c42cc7ed529715aaeec99171a1a',1,1,0,'2009-03-11 14:41:06','2009-03-11 14:41:06'),(3,'multisoc','Society','(Multiple)','','sha1$5333e$0cf657779a783225185a94099d2086de360518a0',1,1,0,'2009-03-17 15:37:12','2009-03-17 15:37:12');
/*!40000 ALTER TABLE `auth_user` ENABLE KEYS */;
UNLOCK TABLES;

--
-- Table structure for table `auth_user_groups`
--

DROP TABLE IF EXISTS `auth_user_groups`;
SET @saved_cs_client     = @@character_set_client;
SET character_set_client = utf8;
CREATE TABLE `auth_user_groups` (
  `id` int(11) NOT NULL auto_increment,
  `user_id` int(11) NOT NULL,
  `group_id` int(11) NOT NULL,
  PRIMARY KEY  (`id`),
  UNIQUE KEY `user_id` (`user_id`,`group_id`),
  KEY `group_id_refs_id_f116770` (`group_id`),
  CONSTRAINT `group_id_refs_id_f116770` FOREIGN KEY (`group_id`) REFERENCES `auth_group` (`id`),
  CONSTRAINT `user_id_refs_id_7ceef80f` FOREIGN KEY (`user_id`) REFERENCES `auth_user` (`id`)
) ENGINE=InnoDB DEFAULT CHARSET=latin1;
SET character_set_client = @saved_cs_client;

--
-- Dumping data for table `auth_user_groups`
--

LOCK TABLES `auth_user_groups` WRITE;
/*!40000 ALTER TABLE `auth_user_groups` DISABLE KEYS */;
/*!40000 ALTER TABLE `auth_user_groups` ENABLE KEYS */;
UNLOCK TABLES;

--
-- Table structure for table `auth_user_user_permissions`
--

DROP TABLE IF EXISTS `auth_user_user_permissions`;
SET @saved_cs_client     = @@character_set_client;
SET character_set_client = utf8;
CREATE TABLE `auth_user_user_permissions` (
  `id` int(11) NOT NULL auto_increment,
  `user_id` int(11) NOT NULL,
  `permission_id` int(11) NOT NULL,
  PRIMARY KEY  (`id`),
  UNIQUE KEY `user_id` (`user_id`,`permission_id`),
  KEY `permission_id_refs_id_67e79cb` (`permission_id`),
  CONSTRAINT `permission_id_refs_id_67e79cb` FOREIGN KEY (`permission_id`) REFERENCES `auth_permission` (`id`),
  CONSTRAINT `user_id_refs_id_dfbab7d` FOREIGN KEY (`user_id`) REFERENCES `auth_user` (`id`)
) ENGINE=InnoDB DEFAULT CHARSET=latin1;
SET character_set_client = @saved_cs_client;

--
-- Dumping data for table `auth_user_user_permissions`
--

LOCK TABLES `auth_user_user_permissions` WRITE;
/*!40000 ALTER TABLE `auth_user_user_permissions` DISABLE KEYS */;
/*!40000 ALTER TABLE `auth_user_user_permissions` ENABLE KEYS */;
UNLOCK TABLES;

--
-- Table structure for table `django_admin_log`
--

DROP TABLE IF EXISTS `django_admin_log`;
SET @saved_cs_client     = @@character_set_client;
SET character_set_client = utf8;
CREATE TABLE `django_admin_log` (
  `id` int(11) NOT NULL auto_increment,
  `action_time` datetime NOT NULL,
  `user_id` int(11) NOT NULL,
  `content_type_id` int(11) default NULL,
  `object_id` longtext,
  `object_repr` varchar(200) NOT NULL,
  `action_flag` smallint(5) unsigned NOT NULL,
  `change_message` longtext NOT NULL,
  PRIMARY KEY  (`id`),
  KEY `django_admin_log_user_id` (`user_id`),
  KEY `django_admin_log_content_type_id` (`content_type_id`),
  CONSTRAINT `content_type_id_refs_id_288599e6` FOREIGN KEY (`content_type_id`) REFERENCES `django_content_type` (`id`),
  CONSTRAINT `user_id_refs_id_c8665aa` FOREIGN KEY (`user_id`) REFERENCES `auth_user` (`id`)
) ENGINE=InnoDB DEFAULT CHARSET=latin1;
SET character_set_client = @saved_cs_client;

--
-- Dumping data for table `django_admin_log`
--

LOCK TABLES `django_admin_log` WRITE;
/*!40000 ALTER TABLE `django_admin_log` DISABLE KEYS */;
/*!40000 ALTER TABLE `django_admin_log` ENABLE KEYS */;
UNLOCK TABLES;

--
-- Table structure for table `django_content_type`
--

DROP TABLE IF EXISTS `django_content_type`;
SET @saved_cs_client     = @@character_set_client;
SET character_set_client = utf8;
CREATE TABLE `django_content_type` (
  `id` int(11) NOT NULL auto_increment,
  `name` varchar(100) NOT NULL,
  `app_label` varchar(100) NOT NULL,
  `model` varchar(100) NOT NULL,
  PRIMARY KEY  (`id`),
  UNIQUE KEY `app_label` (`app_label`,`model`)
) ENGINE=InnoDB AUTO_INCREMENT=17 DEFAULT CHARSET=latin1;
SET character_set_client = @saved_cs_client;

--
-- Dumping data for table `django_content_type`
--

LOCK TABLES `django_content_type` WRITE;
/*!40000 ALTER TABLE `django_content_type` DISABLE KEYS */;
INSERT INTO `django_content_type` VALUES (1,'log entry','admin','logentry'),(2,'permission','auth','permission'),(3,'group','auth','group'),(4,'user','auth','user'),(5,'message','auth','message'),(6,'content type','contenttypes','contenttype'),(7,'session','sessions','session'),(8,'site','sites','site'),(9,'node type','ieeetags','nodetype'),(10,'node','ieeetags','node'),(11,'society','ieeetags','society'),(12,'resource type','ieeetags','resourcetype'),(13,'resource','ieeetags','resource'),(14,'filter','ieeetags','filter'),(15,'permission','ieeetags','permission'),(16,'profile','ieeetags','profile');
/*!40000 ALTER TABLE `django_content_type` ENABLE KEYS */;
UNLOCK TABLES;

--
-- Table structure for table `django_session`
--

DROP TABLE IF EXISTS `django_session`;
SET @saved_cs_client     = @@character_set_client;
SET character_set_client = utf8;
CREATE TABLE `django_session` (
  `session_key` varchar(40) NOT NULL,
  `session_data` longtext NOT NULL,
  `expire_date` datetime NOT NULL,
  PRIMARY KEY  (`session_key`)
) ENGINE=InnoDB DEFAULT CHARSET=latin1;
SET character_set_client = @saved_cs_client;

--
-- Dumping data for table `django_session`
--

LOCK TABLES `django_session` WRITE;
/*!40000 ALTER TABLE `django_session` DISABLE KEYS */;
INSERT INTO `django_session` VALUES ('45a740653fbb850c90c1ccbb747142f6','gAJ9cQEoVRJfYXV0aF91c2VyX2JhY2tlbmRxAlUpZGphbmdvLmNvbnRyaWIuYXV0aC5iYWNrZW5k\ncy5Nb2RlbEJhY2tlbmRxA1UNX2F1dGhfdXNlcl9pZHEEigEBdS5mMDhlNmU4NGJkMDgyOTEwN2Uz\nNmY2OGNiMDgxYzY5OQ==\n','2009-03-31 15:36:21'),('b92a238139b09a6c18a0883a78bddbf5','gAJ9cQEoVRJfYXV0aF91c2VyX2JhY2tlbmRxAlUpZGphbmdvLmNvbnRyaWIuYXV0aC5iYWNrZW5k\ncy5Nb2RlbEJhY2tlbmRxA1UNX2F1dGhfdXNlcl9pZHEEigEBdS5mMDhlNmU4NGJkMDgyOTEwN2Uz\nNmY2OGNiMDgxYzY5OQ==\n','2009-04-24 11:25:06'),('f6c6dd23f6573132323c437d280440c8','gAJ9cQEoVRJfYXV0aF91c2VyX2JhY2tlbmRxAlUpZGphbmdvLmNvbnRyaWIuYXV0aC5iYWNrZW5k\ncy5Nb2RlbEJhY2tlbmRxA1UNX2F1dGhfdXNlcl9pZHEEigEBdS5mMDhlNmU4NGJkMDgyOTEwN2Uz\nNmY2OGNiMDgxYzY5OQ==\n','2009-04-23 17:43:34');
/*!40000 ALTER TABLE `django_session` ENABLE KEYS */;
UNLOCK TABLES;

--
-- Table structure for table `django_site`
--

DROP TABLE IF EXISTS `django_site`;
SET @saved_cs_client     = @@character_set_client;
SET character_set_client = utf8;
CREATE TABLE `django_site` (
  `id` int(11) NOT NULL auto_increment,
  `domain` varchar(100) NOT NULL,
  `name` varchar(50) NOT NULL,
  PRIMARY KEY  (`id`)
) ENGINE=InnoDB AUTO_INCREMENT=2 DEFAULT CHARSET=latin1;
SET character_set_client = @saved_cs_client;

--
-- Dumping data for table `django_site`
--

LOCK TABLES `django_site` WRITE;
/*!40000 ALTER TABLE `django_site` DISABLE KEYS */;
INSERT INTO `django_site` VALUES (1,'example.com','example.com');
/*!40000 ALTER TABLE `django_site` ENABLE KEYS */;
UNLOCK TABLES;

--
-- Table structure for table `ieeetags_filter`
--

DROP TABLE IF EXISTS `ieeetags_filter`;
SET @saved_cs_client     = @@character_set_client;
SET character_set_client = utf8;
CREATE TABLE `ieeetags_filter` (
  `id` int(11) NOT NULL auto_increment,
  `name` varchar(50) NOT NULL,
  `value` varchar(500) NOT NULL,
  PRIMARY KEY  (`id`)
) ENGINE=InnoDB AUTO_INCREMENT=5 DEFAULT CHARSET=latin1;
SET character_set_client = @saved_cs_client;

--
-- Dumping data for table `ieeetags_filter`
--

LOCK TABLES `ieeetags_filter` WRITE;
/*!40000 ALTER TABLE `ieeetags_filter` DISABLE KEYS */;
INSERT INTO `ieeetags_filter` VALUES (1,'Emerging Technologies','emerging_technologies'),(2,'Foundation Technologies','foundation_technologies'),(3,'Hot Topics','hot_topics'),(4,'Market Areas','market_areas');
/*!40000 ALTER TABLE `ieeetags_filter` ENABLE KEYS */;
UNLOCK TABLES;

--
-- Table structure for table `ieeetags_node`
--

DROP TABLE IF EXISTS `ieeetags_node`;
SET @saved_cs_client     = @@character_set_client;
SET character_set_client = utf8;
CREATE TABLE `ieeetags_node` (
  `id` int(11) NOT NULL auto_increment,
  `name` varchar(500) NOT NULL,
  `node_type_id` int(11) NOT NULL,
  `num_related_tags` int(11) default NULL,
  `num_resources` int(11) default NULL,
  PRIMARY KEY  (`id`),
  KEY `ieeetags_node_node_type_id` (`node_type_id`),
  CONSTRAINT `node_type_id_refs_id_652d089` FOREIGN KEY (`node_type_id`) REFERENCES `ieeetags_nodetype` (`id`)
) ENGINE=InnoDB AUTO_INCREMENT=2769 DEFAULT CHARSET=latin1;
SET character_set_client = @saved_cs_client;

--
-- Dumping data for table `ieeetags_node`
--

LOCK TABLES `ieeetags_node` WRITE;
/*!40000 ALTER TABLE `ieeetags_node` DISABLE KEYS */;
INSERT INTO `ieeetags_node` VALUES (1,'IEEE',1,NULL,NULL),(2,'Agriculture',2,NULL,NULL),(3,'Communications',2,NULL,NULL),(4,'Computing & IT',2,NULL,NULL),(5,'Critical Infrastructure',2,NULL,NULL),(6,'Defense',2,NULL,NULL),(7,'Education',2,NULL,NULL),(8,'Energy',2,NULL,NULL),(9,'Entertainment',2,NULL,NULL),(10,'Environment',2,NULL,NULL),(11,'Financial Services',2,NULL,NULL),(12,'Healthcare',2,NULL,NULL),(13,'Manufacturing & Devices',2,NULL,NULL),(14,'Retail',2,NULL,NULL),(15,'Transportation',2,NULL,NULL),(740,'Product And Functional Safety',3,NULL,0),(741,'Hazard',3,NULL,0),(742,'Product Liability',3,NULL,0),(743,'Forensics',3,NULL,0),(744,'Product Safety',3,NULL,0),(745,'Hazard Analysis',3,NULL,0),(746,'Safety Critical',3,NULL,0),(747,'Safety',3,NULL,0),(748,'Hazard Anlysis',3,NULL,0),(749,'Sensor Phenomena',3,NULL,0),(750,'Ict',3,NULL,0),(751,'User Studies',3,NULL,0),(752,'E-waste',3,NULL,0),(753,'Obsolescence',3,NULL,0),(754,'Mobile Phones',3,NULL,0),(755,'Cell Phones',3,NULL,0),(756,'Spectrum Allocation',3,NULL,0),(757,'Deregulation',3,NULL,0),(758,'Government Policy',3,NULL,0),(759,'Laws',3,NULL,0),(760,'Legal Framework',3,NULL,0),(761,'History',3,NULL,0),(762,'Economic Impact',3,NULL,0),(763,'Disposal',3,NULL,0),(764,'Electronic Waste',3,NULL,0),(765,'Personal Privacy',3,NULL,0),(766,'Lifestyle',3,NULL,0),(767,'Law Enforcement',3,NULL,0),(768,'Developing Countries',3,NULL,0),(769,'Social Networking',3,NULL,0),(770,'User Interface',3,NULL,0),(771,'Disabled',3,NULL,0),(772,'Visually Impaired',3,NULL,0),(773,'Deaf',3,NULL,0),(774,'Hearing Impaired',3,NULL,0),(775,'Aerospace Controls',3,NULL,0),(776,'Electric Vehicles',3,NULL,0),(777,'Hybrid Vehicles',3,NULL,0),(778,'Plug-ing Hybrids',3,NULL,0),(779,'Automotive Accessories',3,NULL,0),(780,'Engine Controls',3,NULL,0),(781,'Locomotive Drives',3,NULL,0),(782,'Light Rail Transit',3,NULL,0),(783,'Electric Ship',3,NULL,0),(784,'On-board Power',3,NULL,0),(785,'Maglev',3,NULL,0),(786,'Electric Scooter',3,NULL,0),(787,'Electric Bicycles',3,NULL,0),(788,'Golf Carts',3,NULL,0),(789,'Segway',3,NULL,0),(790,'Lighting Controls',3,NULL,0),(791,'Surge Protection',3,NULL,0),(792,'Ups',3,NULL,0),(793,'Appliances',3,NULL,0),(794,'Power Supply Blocks',3,NULL,0),(795,'Led Lighting',3,NULL,0),(796,'Power Semiconductors',3,NULL,0),(797,'Industrial Drives',3,NULL,0),(798,'Power Quality',3,NULL,0),(799,'Sag Correction',3,NULL,0),(800,'Active Filters',3,NULL,0),(801,'Voltage Regulators',3,NULL,0),(802,'Power Factor Correction',3,NULL,0),(803,'Process Control',3,NULL,0),(804,'Soft Starters',3,NULL,0),(805,'Factory Automation',3,NULL,0),(806,'Mri',3,NULL,0),(807,'X-ray',3,NULL,0),(808,'Implantable Power',3,NULL,0),(809,'Robotics',3,NULL,0),(810,'Dc Power Supplies',3,NULL,0),(811,'Electrical Safety And Protection',3,NULL,0),(812,'Standy-by Power',3,NULL,0),(813,'Static Transfer Switches',3,NULL,0),(814,'Electronic Surgical Instruments',3,NULL,0),(815,'Energy Efficiency',3,NULL,0),(816,'Carbon Credits',3,NULL,0),(817,'Plug-in Hybrid Vehicles',3,NULL,0),(818,'Electric Locomotives',3,NULL,0),(819,'Wind Power',3,NULL,0),(820,'Solar Power',3,NULL,0),(821,'Wave Power',3,NULL,0),(822,'Display Power',3,NULL,0),(823,'Plasma Tv Power Supplies',3,NULL,0),(824,'Audio Amplifiers',3,NULL,0),(825,'Class D',3,NULL,0),(826,'Power Supplies',3,NULL,0),(827,'Energy Harvesting',3,NULL,0),(828,'Contactless Power Delivery',3,NULL,0),(829,'Cordless Power',3,NULL,0),(830,'Battery Management',3,NULL,0),(831,'Battery Chargers',3,NULL,0),(832,'Energy Packs',3,NULL,0),(833,'Led Projectors',3,NULL,0),(834,'Compact Flourescents',3,NULL,0),(835,'Sustainable Energy',3,NULL,0),(836,'Renewable Energy',3,NULL,0),(837,'Ship Propulsion',3,NULL,0),(838,'Hybrid Tanks',3,NULL,0),(839,'Unmanned Vehicles',3,NULL,0),(840,'Uavs',3,NULL,0),(841,'Torpedo Propulsion',3,NULL,0),(842,'Light Weight Power Packs',3,NULL,0),(843,'Mobile Power',3,NULL,0),(844,'Aerospace Power',3,NULL,0),(845,'Fly-by-wire',3,NULL,0),(846,'400hz Power',3,NULL,0),(847,'Vscf Drives',3,NULL,0),(848,'Uninterruptible Power Supplies',3,NULL,0),(849,'Fuel Cell Converters',3,NULL,0),(850,'Emergency Power',3,NULL,0),(851,'Emergency Lighting',3,NULL,0),(852,'Emi',3,NULL,0),(853,'Power Line Communications',3,NULL,0),(854,'Facts Devices',3,NULL,0),(855,'Solid State Circuit Breakers',3,NULL,0),(856,'Lightning Protection',3,NULL,0),(857,'Energy Storage',3,NULL,0),(858,'Charging Systems',3,NULL,0),(859,'Efficient Energy Conversion',3,NULL,0),(860,'Power Supply',3,NULL,0),(861,'Motor Drives',3,NULL,0),(862,'Power Converters',3,NULL,0),(863,'Ship-board Power',3,NULL,0),(864,'Rail Guns',3,NULL,0),(865,'Dc Power Conversion',3,NULL,0),(866,'Thermal Management',3,NULL,0),(867,'Batteries',3,NULL,0),(868,'48v Converters',3,NULL,0),(869,'On-chip Power Conversion',3,NULL,0),(870,'Active Filter',3,NULL,0),(871,'Utility Interface',3,NULL,0),(872,'Harmonics',3,NULL,0),(873,'High Voltage Dc',3,NULL,0),(874,'Photovoltaics',3,NULL,0),(875,'Wind',3,NULL,0),(876,'Fuel Cell Converter',3,NULL,0),(877,'Alternative Energy Interface',3,NULL,0),(878,'Microgrid Converters',3,NULL,0),(879,'Smart Grid',3,NULL,0),(880,'Aerospace Control',3,NULL,0),(881,'Wireless Control And Communication',3,NULL,0),(882,'Automotive',3,NULL,0),(883,'Automotive Control',3,NULL,0),(884,'Cmos',3,NULL,0),(885,'Product Lifetime',3,NULL,0),(886,'Early Life',3,NULL,0),(887,'End Of Life (eol)',3,NULL,0),(888,'Industrial Process Control',3,NULL,0),(889,'Network Control',3,NULL,0),(890,'Active Vibration Control',3,NULL,0),(891,'Operating Systems',3,NULL,0),(892,'Embedded Computing',3,NULL,0),(893,'Embedded Systems',3,NULL,0),(894,'Reconfiguration',3,NULL,0),(895,'Hardware/software Co-design',3,NULL,0),(896,'Platinum Resistors',3,NULL,0),(897,'Wireless Networking',3,NULL,0),(898,'Rfid',3,NULL,0),(899,'Thermal Analysis',3,NULL,0),(900,'High Performance Design',3,NULL,0),(901,'Integrated Circuits',3,NULL,0),(902,'Circuit Analysis',3,NULL,0),(903,'Reliability',3,NULL,0),(904,'Testing And Verification',3,NULL,0),(905,'Energy-aware Design',3,NULL,0),(906,'Sensor Networks',3,NULL,0),(907,'Power-aware Design',3,NULL,0),(908,'Education',3,NULL,0),(909,'Timing Analysis',3,NULL,0),(910,'Fault-tolerant Computing',3,NULL,0),(911,'Algorithm',3,NULL,0),(912,'Circuit Optimization',3,NULL,0),(913,'Place And Route',3,NULL,0),(914,'Hardware Design',3,NULL,0),(915,'Design Verification',3,NULL,0),(916,'Design For Manufacture',3,NULL,0),(917,'Simulation',3,NULL,0),(918,'Low Power Devices',3,NULL,0),(919,'Design Specification',3,NULL,0),(920,'System-level Design',3,NULL,0),(921,'System-on-chip',3,NULL,0),(922,'Scheduling',3,NULL,0),(923,'Intelectual Property',3,NULL,0),(924,'Application-speciic Processors',3,NULL,0),(925,'Networks On Chip',3,NULL,0),(926,'Embedded Software',3,NULL,0),(927,'Hardware Emulation',3,NULL,0),(928,'Modeling Languages',3,NULL,0),(929,'High-level Synthesis',3,NULL,0),(930,'Logic Synthesis',3,NULL,0),(931,'Circuit Simulation',3,NULL,0),(932,'Physical Design',3,NULL,0),(933,'Manufacturability',3,NULL,0),(934,'Signal Integrity',3,NULL,0),(935,'Analog/mixed-signal',3,NULL,0),(936,'Fpga',3,NULL,0),(937,'Reconfigurable Computing',3,NULL,0),(938,'Prototyping',3,NULL,0),(939,'Emerging Design Technologies',3,NULL,0),(940,'Audio',3,NULL,0),(941,'Speech And Audio Processing',3,NULL,0),(942,'Electroacoustics',3,NULL,0),(943,'Bio Imaging',3,NULL,0),(944,'Signal Processing',3,NULL,0),(945,'Image Multidimensional Signal',3,NULL,0),(946,'Information Forensics',3,NULL,0),(947,'Machine Learning',3,NULL,0),(948,'Communications And Networking',3,NULL,0),(949,'Speech Language Processing',3,NULL,0),(950,'Icaasp',3,NULL,0),(951,'Design Implementation',3,NULL,0),(952,'Technology',3,NULL,0),(953,'Sensor',3,NULL,0),(954,'Sensor Array',3,NULL,0),(955,'Theory',3,NULL,0),(956,'Signal Processing Theory',3,NULL,0),(957,'Methods',3,NULL,0),(958,'Filtering',3,NULL,0),(959,'Coding',3,NULL,0),(960,'Transmitting',3,NULL,0),(961,'Estimating',3,NULL,0),(962,'Detecting',3,NULL,0),(963,'Analyzing',3,NULL,0),(964,'Recognizing',3,NULL,0),(965,'Synthesizing',3,NULL,0),(966,'Recording',3,NULL,0),(967,'Video',3,NULL,0),(968,'Speech',3,NULL,0),(969,'Image',3,NULL,0),(970,'Communication',3,NULL,0),(971,'Geophysical',3,NULL,0),(972,'Sonar',3,NULL,0),(973,'Radar',3,NULL,0),(974,'Medical',3,NULL,0),(975,'Musical',3,NULL,0),(976,'Speech Analysis',3,NULL,0),(977,'Synthesis',3,NULL,0),(978,'Speech Recognition',3,NULL,0),(979,'Speaker Recognition',3,NULL,0),(980,'Speech Production And Perception',3,NULL,0),(981,'Speech Enhancement',3,NULL,0),(982,'Tomography',3,NULL,0),(983,'Geophysics',3,NULL,0),(984,'Astronomy',3,NULL,0),(985,'Microscopy',3,NULL,0),(986,'Crystallography',3,NULL,0),(987,'Image Scanning',3,NULL,0),(988,'Digital Toning',3,NULL,0),(989,'Information Security',3,NULL,0),(990,'Surveillance',3,NULL,0),(991,'Systems Applications',3,NULL,0),(992,'Mechanical',3,NULL,0),(993,'Thermal',3,NULL,0),(994,'Optical',3,NULL,0),(995,'Magnetic',3,NULL,0),(996,'Radiation',3,NULL,0),(997,'Microwave',3,NULL,0),(998,'Chemical',3,NULL,0),(999,'Biological',3,NULL,0),(1000,'Mass',3,NULL,0),(1001,'Ultrasound',3,NULL,0),(1002,'X-rays',3,NULL,0),(1003,'Ct',3,NULL,0),(1004,'Magnetic Resonance',3,NULL,0),(1005,'Radionuclides',3,NULL,0),(1006,'Microwaves',3,NULL,0),(1007,'Light',3,NULL,0),(1008,'Medical Image',3,NULL,0),(1009,'Analysis',3,NULL,0),(1010,'Visualization',3,NULL,0),(1011,'Software Design',3,NULL,0),(1012,'Synchronization',3,NULL,0),(1013,'Joint Processing',3,NULL,0),(1014,'Multimedia',3,NULL,0),(1015,'Multimodal Signals',3,NULL,0),(1016,'Data',3,NULL,0),(1017,'Compression',3,NULL,0),(1018,'Storage',3,NULL,0),(1019,'Retrieval',3,NULL,0),(1020,'Networking',3,NULL,0),(1021,'Multi Modality',3,NULL,0),(1022,'Devices',3,NULL,0),(1023,'Systems',3,NULL,0),(1024,'Reconfigurable Hardware',3,NULL,0),(1025,'Real-time',3,NULL,0),(1026,'Tools',3,NULL,0),(1027,'Knowledge',3,NULL,0),(1028,'Transformer',3,NULL,0),(1029,'Telemetry',3,NULL,0),(1030,'Power Management',3,NULL,0),(1031,'Power Electronics',3,NULL,0),(1032,'Converters',3,NULL,0),(1033,'Pv Inverter',3,NULL,0),(1034,'Dlp',3,NULL,0),(1035,'Low-power',3,NULL,0),(1036,'Camera',3,NULL,0),(1037,'Prosthesis',3,NULL,0),(1038,'Measurement',3,NULL,0),(1039,'Gps',3,NULL,0),(1040,'Wireless Propagation And Impairments',3,NULL,0),(1041,'Security',3,NULL,0),(1042,'Risk Assessment',3,NULL,0),(1043,'Usability',3,NULL,0),(1044,'Fail-safe Systems',3,NULL,0),(1045,'Secure Communications',3,NULL,0),(1046,'Its',3,NULL,0),(1047,'Wireless Sensing',3,NULL,0),(1048,'Sensing And Vehicle Communications',3,NULL,0),(1049,'Emergency Traffic Administration',3,NULL,0),(1050,'Positioning',3,NULL,0),(1051,'Location Based Services',3,NULL,0),(1052,'Automotive Electronics',3,NULL,0),(1053,'Vehicle Propulsion',3,NULL,0),(1054,'Fuel Cells',3,NULL,0),(1055,'Accident Free Driving',3,NULL,0),(1056,'Survivability',3,NULL,0),(1057,'Disaster Response',3,NULL,0),(1058,'Public Safety',3,NULL,0),(1059,'Antennas',3,NULL,0),(1060,'Wireless Propagation Modeling',3,NULL,0),(1061,'Wireless Sensors',3,NULL,0),(1062,'Wireless Access',3,NULL,0),(1063,'Transportation',3,NULL,0),(1064,'Wireless',3,NULL,0),(1065,'Mobile Radio',3,NULL,0),(1066,'Wireless Infrastructure',3,NULL,0),(1067,'Ad Hoc Networks',3,NULL,0),(1068,'Software Defined Radio',3,NULL,0),(1069,'Wireless Value Chain',3,NULL,0),(1070,'Green Radio',3,NULL,0),(1071,'Distributed Networking',3,NULL,0),(1072,'Neural Systems',3,NULL,0),(1073,'Distributed Monitoring Systems',3,NULL,0),(1074,'Drive Systems',3,NULL,0),(1075,'Handheld Television',3,NULL,0),(1076,'Narrowband',3,NULL,0),(1077,'Handheld Devices',3,NULL,0),(1078,'Mimo',3,NULL,0),(1079,'Wimax',3,NULL,0),(1080,'Warning Systems',3,NULL,0),(1081,'Large Scale Systems',3,NULL,0),(1082,'Collaborative Systems',3,NULL,0),(1083,'Wideband',3,NULL,0),(1084,'Ultra Wideband',3,NULL,0),(1085,'Multicore Systems',3,NULL,0),(1086,'Optical Sensors',3,NULL,0),(1087,'Video On Demand',3,NULL,0),(1088,'Internet Video',3,NULL,0),(1089,'Special Effects',3,NULL,0),(1090,'Games',3,NULL,0),(1091,'Security & Privacy',3,NULL,0),(1092,'Data Security',3,NULL,0),(1093,'Health Information Systems',3,NULL,0),(1094,'Informatics',3,NULL,0),(1095,'Tempest / Data Security',3,NULL,0),(1096,'System Security',3,NULL,0),(1097,'Homeland Security',3,NULL,0),(1098,'Information Retrieval',3,NULL,0),(1099,'Personal Security',3,NULL,0),(1100,'Harbor Security',3,NULL,0),(1101,'Information Technology',3,NULL,0),(1102,'Personal Health Records',3,NULL,0),(1103,'Prognostics And Health Management (phm)',3,NULL,0),(1104,'System And Equipment Health Management',3,NULL,0),(1105,'Health Management',3,NULL,0),(1106,'System Prognostics And Health Management (phm)',3,NULL,0),(1107,'Medical Imaging',3,NULL,0),(1108,'Medical Diagnostics',3,NULL,0),(1109,'Magnetic Resonance Imaging',3,NULL,0),(1110,'At Scan',3,NULL,0),(1111,'Radiology',3,NULL,0),(1112,'X Ray',3,NULL,0),(1113,'Eeg',3,NULL,0),(1114,'Ecg',3,NULL,0),(1115,'Mmg',3,NULL,0),(1116,'Ultrasound Imaging',3,NULL,0),(1117,'Smart Sensors',3,NULL,0),(1118,'Smart Weapons',3,NULL,0),(1119,'Smart_grid',3,NULL,0),(1120,'Fault Detection',3,NULL,0),(1121,'Time Reversal',3,NULL,0),(1122,'Time Reversal Radar',3,NULL,0),(1123,'Convolution',3,NULL,0),(1124,'Filter',3,NULL,0),(1125,'Filter Design',3,NULL,0),(1126,'Adaptive Filtering',3,NULL,0),(1127,'Adaptive Filters',3,NULL,0),(1128,'Fourier Transform',3,NULL,0),(1129,'Discrete Fourier Transform',3,NULL,0),(1130,'Fast Fourier Transform',3,NULL,0),(1131,'Fft',3,NULL,0),(1132,'Dft',3,NULL,0),(1133,'Discrete Cosine Transform',3,NULL,0),(1134,'Discrete Sine Transform Dct',3,NULL,0),(1135,'Dst',3,NULL,0),(1136,'Wavelets',3,NULL,0),(1137,'Wavelet Transform',3,NULL,0),(1138,'Fast Algorithms',3,NULL,0),(1139,'Airborne Radar',3,NULL,0),(1140,'Space Radar',3,NULL,0),(1141,'Shipborne Radar',3,NULL,0),(1142,'Ground Fixed Radar',3,NULL,0),(1143,'Atc Radar',3,NULL,0),(1144,'Handheld Radar',3,NULL,0),(1145,'Laser Radar',3,NULL,0),(1146,'Target Avoidance Radar',3,NULL,0),(1147,'Ground Mobile Radar',3,NULL,0),(1148,'Synthetic Aperture Radar',3,NULL,0),(1149,'Sar',3,NULL,0),(1150,'Over The Horizon Radar',3,NULL,0),(1151,'Doppler Radar',3,NULL,0),(1152,'Ground Moving Indicator Radar',3,NULL,0),(1153,'Stap Radar',3,NULL,0),(1154,'Biomedical Signals',3,NULL,0),(1155,'Physical Layer',3,NULL,0),(1156,'Detection',3,NULL,0),(1157,'Estimation',3,NULL,0),(1158,'Blind Channel Identification',3,NULL,0),(1159,'Equalization',3,NULL,0),(1160,'Mobile Sensor Networks',3,NULL,0),(1161,'Digital Radio',3,NULL,0),(1162,'Wireless Television',3,NULL,0),(1163,'Indoor Home Network',3,NULL,0),(1164,'Home Networking',3,NULL,0),(1165,'Cognitive Radio',3,NULL,0),(1166,'Network Management',3,NULL,0),(1167,'Detection Systems',3,NULL,0),(1168,'Personal Networks',3,NULL,0),(1169,'Sociological Mobility Aware Networks',3,NULL,0),(1170,'Internet Radio',3,NULL,0),(1171,'Computed Radiography',3,NULL,0),(1172,'Wireless Radios',3,NULL,0),(1173,'Sensing And Instrumentation',3,NULL,0),(1174,'Instrumentation And Test',3,NULL,0),(1175,'Magnetics',3,NULL,0),(1176,'Msi',3,NULL,0),(1177,'Magnetic Source Imaging',3,NULL,0),(1178,'Magnetocardiography',3,NULL,0),(1179,'Magnetocardiogram',3,NULL,0),(1180,'Meg',3,NULL,0),(1181,'Magnetoencephalography',3,NULL,0),(1182,'Magnetoencephalogram',3,NULL,0),(1183,'Squids',3,NULL,0),(1184,'Communications',3,NULL,0),(1185,'Electronic Warfare',3,NULL,0),(1186,'Signal Intelligence',3,NULL,0),(1187,'Wireless Communications',3,NULL,0),(1188,'Power Grid Fragility',3,NULL,0),(1189,'Power Grid Capacity',3,NULL,0),(1190,'Quantum Computing',3,NULL,0),(1191,'High Performance Computing',3,NULL,0),(1192,'Petaflops',3,NULL,0),(1193,'Trasnceivers',3,NULL,0),(1194,'Ultra-wide Bandwidth',3,NULL,0),(1195,'Digital Rf',3,NULL,0),(1196,'Semantic Web',3,NULL,0),(1197,'Web Services',3,NULL,0),(1198,'Web Site Design',3,NULL,0),(1199,'Service Enterprise Engineering',3,NULL,0),(1200,'Validation',3,NULL,0),(1201,'Electromagnetic Packaging',3,NULL,0),(1202,'Finite Element Analysis',3,NULL,0),(1203,'Finite Difference Time Domain',3,NULL,0),(1204,'Fem',3,NULL,0),(1205,'Fdtd',3,NULL,0),(1206,'Moment Method',3,NULL,0),(1207,'Mom',3,NULL,0),(1208,'Ultra-low-voltage Logic Design',3,NULL,0),(1209,'Sub-threshold Logic Design; Molecular-electronics',3,NULL,0),(1210,'Organic-electronics',3,NULL,0),(1211,'Nano-electronics',3,NULL,0),(1212,'Flexible Substrates',3,NULL,0),(1213,'Printable Electronics',3,NULL,0),(1214,'3d-integration Packaging Technologies',3,NULL,0),(1215,'Wlan',3,NULL,0),(1216,'Wpan',3,NULL,0),(1217,'Wman',3,NULL,0),(1218,'Dvb/dmb',3,NULL,0),(1219,'Bluetooth',3,NULL,0),(1220,'Gsm/edge/cdma/umts/3g/4g Base Stations',3,NULL,0),(1221,'Handsets',3,NULL,0),(1222,'Ism Band Systems',3,NULL,0),(1223,'Radio',3,NULL,0),(1224,'Lan',3,NULL,0),(1225,'Wan',3,NULL,0),(1226,'Fddi',3,NULL,0),(1227,'Ethernet',3,NULL,0),(1228,'Token Ring',3,NULL,0),(1229,'Fiber Channel',3,NULL,0),(1230,'Sonet',3,NULL,0),(1231,'Sdh',3,NULL,0),(1232,'Pon',3,NULL,0),(1233,'Atm',3,NULL,0),(1234,'Isdn',3,NULL,0),(1235,'Xdsl',3,NULL,0),(1236,'Cable-modem; Optical/electrical Data Links',3,NULL,0),(1237,'Backplane Transceivers',3,NULL,0),(1238,'Power-line Networks',3,NULL,0),(1239,'Phone-line Home Networks',3,NULL,0),(1240,'Subscriber-line Circuits',3,NULL,0),(1241,'Subscriber-line Modems',3,NULL,0),(1242,'Agc',3,NULL,0),(1243,'Oscillator Blocks',3,NULL,0),(1244,'Line-driver Blocks',3,NULL,0),(1245,'Hybrid Blocks',3,NULL,0),(1246,'Static Memory',3,NULL,0),(1247,'Dynamic Memory',3,NULL,0),(1248,'Non-volatile Memory',3,NULL,0),(1249,'Read-only Memory',3,NULL,0),(1250,'Memory Circuit-design Techniques',3,NULL,0),(1251,'System Architectures',3,NULL,0),(1252,'I/o Interfaces',3,NULL,0),(1253,'Memory Array Organizations',3,NULL,0),(1254,'Magnetic Memory Designs',3,NULL,0),(1255,'Ferro-electric Memory Designs',3,NULL,0),(1256,'Memory Architectures',3,NULL,0),(1257,'Data Storage',3,NULL,0),(1258,'Multibit-cell-based Memory Designs',3,NULL,0),(1259,'Embedded Memory Architectures',3,NULL,0),(1260,'Cache-memory Systems',3,NULL,0),(1261,'Multi-port Memory',3,NULL,0),(1262,'And High Density Cams',3,NULL,0),(1263,'Emerging Memory Technologies',3,NULL,0),(1264,'Nano-crystal Memory',3,NULL,0),(1265,'Phase-change Memories',3,NULL,0),(1266,'Resistance Change Memories',3,NULL,0),(1267,'3d Memories',3,NULL,0),(1268,'High-speed Low-power And Low-voltage Memory Designs',3,NULL,0),(1269,'Yield-enhancement Redundancy',3,NULL,0),(1270,'Ecc Techniques',3,NULL,0),(1271,'And Statistical Memory Designs',3,NULL,0),(1272,'Memory Testing And Built-in Self-test',3,NULL,0),(1273,'Memory Controllers',3,NULL,0),(1274,'Solid-state Disk Controllers',3,NULL,0),(1275,'Circuits For Rf/if/baseband',3,NULL,0),(1276,'Front-end Circuits',3,NULL,0),(1277,'Narrowband Rf',3,NULL,0),(1278,'Ultrawideband',3,NULL,0),(1279,'Ultra Low Power Circuits Millimeter-wave Circuits (mmds',3,NULL,0),(1280,'60ghz)',3,NULL,0),(1281,'Rf/if Amplifiers',3,NULL,0),(1282,'Power Amplifiers',3,NULL,0),(1283,'Frequency Generators',3,NULL,0),(1284,'Cell Phone Processor',3,NULL,0),(1285,'Baseband Architectures',3,NULL,0),(1286,'Graphics Processors',3,NULL,0),(1287,'Digital-noise Isolation Techniques',3,NULL,0),(1288,'Low-power Logic Micro-architectures',3,NULL,0),(1289,'Low-power Circuit Techniques',3,NULL,0),(1290,'Energy Recovery Techniques',3,NULL,0),(1291,'Energy-adaptive Circuit Techniques',3,NULL,0),(1292,'Adaptive Body Bias Circuits',3,NULL,0),(1293,'Power Reduction And Management Methods For Digital Vlsi',3,NULL,0),(1294,'On-chip Pvt Sensing Circuits',3,NULL,0),(1295,'Adaptive Voltage',3,NULL,0),(1296,'Frequency Scaling',3,NULL,0),(1297,'Multi-length Transistor Design Methodologies',3,NULL,0),(1298,'Power Estimation Methodologies',3,NULL,0),(1299,'Op-amps',3,NULL,0),(1300,'Instrumentation Amps',3,NULL,0),(1301,'Baseband Amplifiers',3,NULL,0),(1302,'Comparators',3,NULL,0),(1303,'Multipliers',3,NULL,0),(1304,'Voltage References',3,NULL,0),(1305,'Powercontrol Circuits',3,NULL,0),(1306,'Regulators',3,NULL,0),(1307,'Dc-dc Converters; Continuous-time Filters Discrete-time Filters; Consumer Electronics',3,NULL,0),(1308,'Non-linear Analog Circuits',3,NULL,0),(1309,'Switched-capacitor Circuits; Synthesizers',3,NULL,0),(1310,'Plls.',3,NULL,0),(1311,'Biosensors',3,NULL,0),(1312,'Microarrays And Lab-on-a-chip; Sensors For Medical Applications; Circuitry And Mems Technologies',3,NULL,0),(1313,'Tr Devices',3,NULL,0),(1314,'Transistors',3,NULL,0),(1315,'Trace Back',3,NULL,0),(1316,'Transit Time Devices',3,NULL,0),(1317,'Track-and-hold Transition-metal Materials/devices',3,NULL,0),(1318,'Track-hold Circuits',3,NULL,0),(1319,'Transition Probability',3,NULL,0),(1320,'Tracked 3× Oversampling',3,NULL,0),(1321,'Translinear',3,NULL,0),(1322,'Tracking',3,NULL,0),(1323,'Transmission Gates',3,NULL,0),(1324,'Tracking Filters Transmission Line Analysis',3,NULL,0),(1325,'Tracking Loops',3,NULL,0),(1326,'Transmission Line Links And Equipment',3,NULL,0),(1327,'Transadmittance Element',3,NULL,0),(1328,'Transmission-line-pulse (tlp) Generator',3,NULL,0),(1329,'Transceiver Front-end',3,NULL,0),(1330,'Transmission-line Resonators',3,NULL,0),(1331,'Transceivers',3,NULL,0),(1332,'Transmission Line Theory',3,NULL,0),(1333,'Transconductance-capacitor Filters',3,NULL,0),(1334,'Transmission Lines',3,NULL,0),(1335,'Transconductors',3,NULL,0),(1336,'Transmission Receiver',3,NULL,0),(1337,'Transducer Drive Circuits',3,NULL,0),(1338,'Transmit/receive Circuits',3,NULL,0),(1339,'Transducers',3,NULL,0),(1340,'Transmitters',3,NULL,0),(1341,'Transducers And Sensing Devices',3,NULL,0),(1342,'Transmultiplexing',3,NULL,0),(1343,'Transductors',3,NULL,0),(1344,'Transponders',3,NULL,0),(1345,'Transfer Functions',3,NULL,0),(1346,'Transport Processes',3,NULL,0),(1347,'Transferred-electron Amplifiers',3,NULL,0),(1348,'Transport Protocols',3,NULL,0),(1349,'Transferred-electron Devices',3,NULL,0),(1350,'Transversal Filters',3,NULL,0),(1351,'Transferred-electron Microwave Amplifiers',3,NULL,0),(1352,'Trapatt Amplifiers',3,NULL,0),(1353,'Transform Coding',3,NULL,0),(1354,'Trapatt Diode Oscillators',3,NULL,0),(1355,'Transformer Circuit Models',3,NULL,0),(1356,'Trapatt Diodes',3,NULL,0),(1357,'Transformerless Signal Path',3,NULL,0),(1358,'Trapatt Pulse Generators',3,NULL,0),(1359,'Transformers Traveling Wave Amplifiers',3,NULL,0),(1360,'Transformers And Reactors',3,NULL,0),(1361,'Traveling-wave Tubes',3,NULL,0),(1362,'Transforms',3,NULL,0),(1363,'Traversal Clock Network Delay',3,NULL,0),(1364,'Transient Analysis',3,NULL,0),(1365,'Tree Search',3,NULL,0),(1366,'Transient Design',3,NULL,0),(1367,'Tree Searching',3,NULL,0),(1368,'Transient Response',3,NULL,0),(1369,'Transients',3,NULL,0),(1370,'Trees (graphs)',3,NULL,0),(1371,'Transimpedance Gain',3,NULL,0),(1372,'Trellis-coded Modulation',3,NULL,0),(1373,'Transimpedance Preamplifier',3,NULL,0),(1374,'Trellis Codes',3,NULL,0),(1375,'Transimpedance (tz) Amplifier',3,NULL,0),(1376,'Trellis Coding',3,NULL,0),(1377,'Transistor-amplifier Realization',3,NULL,0),(1378,'Trench Cell',3,NULL,0),(1379,'Transistor Amplifiers',3,NULL,0),(1380,'Trench Isolation',3,NULL,0),(1381,'Transistor Circuits',3,NULL,0),(1382,'Trigger Circuits',3,NULL,0),(1383,'Transistor Mismatch',3,NULL,0),(1384,'Triggering',3,NULL,0),(1385,'Transistor Models',3,NULL,0),(1386,'Trimming',3,NULL,0),(1387,'Transistor Noise',3,NULL,0),(1388,'Triple-push Oscillators',3,NULL,0),(1389,'Transistor Noise Models',3,NULL,0),(1390,'Triple-well Bipolar Transistor',3,NULL,0),(1391,'Transistor Oscillators',3,NULL,0),(1392,'Triply Controlled Delay Cell',3,NULL,0),(1393,'Transistor Switches',3,NULL,0),(1394,'Transistor-transistor Logic',3,NULL,0),(1395,'True Rms Converter',3,NULL,0),(1396,'Transistor-transistor Logic Circuits',3,NULL,0),(1397,'True Single-phase Clocking',3,NULL,0),(1398,'Ttl Circuits',3,NULL,0),(1399,'Ttl (transistor-transistor Logic)',3,NULL,0),(1400,'Tunable Amplifiers',3,NULL,0),(1401,'Tuning Techniques',3,NULL,0),(1402,'Tunable Capacitors',3,NULL,0),(1403,'Tunnel Controllers',3,NULL,0),(1404,'Tunable Devices',3,NULL,0),(1405,'Tunnel Devices/effects',3,NULL,0),(1406,'Tunable Digital Filters',3,NULL,0),(1407,'Tunnel-diode Circuits',3,NULL,0),(1408,'Tunable Filters',3,NULL,0),(1409,'Tunnel Diode Oscillators',3,NULL,0),(1410,'Tunable Oscillators',3,NULL,0),(1411,'Tunnel Diode Switching Circuits',3,NULL,0),(1412,'Tuned Amplifiers',3,NULL,0),(1413,'Tunnel Diodes',3,NULL,0),(1414,'Tuned Circuits',3,NULL,0),(1415,'Tunnel Effect',3,NULL,0),(1416,'Tuned Transistor Amplifiers',3,NULL,0),(1417,'Tunnel Sensors',3,NULL,0),(1418,'Tuners',3,NULL,0),(1419,'Tunnel Transistors',3,NULL,0),(1420,'Tungsten',3,NULL,0),(1421,'Tunneling',3,NULL,0),(1422,'Tungsten Alloys/compounds Devices',3,NULL,0),(1423,'Turbo Codes',3,NULL,0),(1424,'Tuning Circuits',3,NULL,0),(1425,'Tuning Elements',3,NULL,0),(1426,'Tv Receiver Amplifiers',3,NULL,0),(1427,'Tv Demodulation',3,NULL,0),(1428,'Tv Receiver Circuits',3,NULL,0),(1429,'Tv Displays',3,NULL,0),(1430,'Tv Receiver Signal Processing',3,NULL,0),(1431,'Tv Distortion',3,NULL,0),(1432,'Tv Receiver Synchronizing Circuits',3,NULL,0),(1433,'Tv Receiver Tuners',3,NULL,0),(1434,'Tv Image Sensors',3,NULL,0),(1435,'Tv Signals',3,NULL,0),(1436,'Tv Imaging',3,NULL,0),(1437,'Thin-film Circuits',3,NULL,0),(1438,'Thermal Asperity',3,NULL,0),(1439,'Thin-film Devices',3,NULL,0),(1440,'Thermal Assist Unit',3,NULL,0),(1441,'Thin-film Inductors',3,NULL,0),(1442,'Thermal Breakdown',3,NULL,0),(1443,'Thin-film Resistors',3,NULL,0),(1444,'Thermal Converters',3,NULL,0),(1445,'Thin-film Techniques',3,NULL,0),(1446,'Thermal Coupling In Mixed-signal Circuits',3,NULL,0),(1447,'Thin-film Transistors',3,NULL,0),(1448,'Thermal Couplings',3,NULL,0),(1449,'Thin Films',3,NULL,0),(1450,'Thermal Effects',3,NULL,0),(1451,'Thermal Factors',3,NULL,0),(1452,'Three-dimensional Displays',3,NULL,0),(1453,'Thermal Imager',3,NULL,0),(1454,'Three-dimensional Integrated Circuits',3,NULL,0),(1455,'Thermal Noise',3,NULL,0),(1456,'Three-dimensional Representation',3,NULL,0),(1457,'Thermal Printers',3,NULL,0),(1458,'Three-level Mixer',3,NULL,0),(1459,'Thermal Resistance',3,NULL,0),(1460,'Thermal Stability',3,NULL,0),(1461,'Threshold Detectors',3,NULL,0),(1462,'Thermal Testing',3,NULL,0),(1463,'Threshold Gates',3,NULL,0),(1464,'Thermal Variables Control',3,NULL,0),(1465,'Threshold Logic',3,NULL,0),(1466,'Thermal Variables',3,NULL,0),(1467,'Threshold Logic Circuits',3,NULL,0),(1468,'Thermistors',3,NULL,0),(1469,'Threshold Logic Devices',3,NULL,0),(1470,'Thermocouples',3,NULL,0),(1471,'Threshold Logic Functions',3,NULL,0),(1472,'Thermoelectric Devices',3,NULL,0),(1473,'Threshold Logic Gates',3,NULL,0),(1474,'Thermoelectric Energy Conversion',3,NULL,0),(1475,'Threshold Scaling',3,NULL,0),(1476,'Thermoelectric Materials/devices',3,NULL,0),(1477,'Threshold Voltage',3,NULL,0),(1478,'Thermometers',3,NULL,0),(1479,'Thyristor Applications',3,NULL,0),(1480,'Thermometry',3,NULL,0),(1481,'Thyristor Circuits',3,NULL,0),(1482,'Thermoreflectance',3,NULL,0),(1483,'Thyristor Power Control Circuits',3,NULL,0),(1484,'Thermoresistivity',3,NULL,0),(1485,'Thyristor Power Supplies',3,NULL,0),(1486,'Thick-film Circuits',3,NULL,0),(1487,'Thyristors',3,NULL,0),(1488,'Thin-film Circuit Thermal Factors',3,NULL,0),(1489,'Thyristors And Silicon Controlled Rectifiers',3,NULL,0),(1490,'Automotive Radar Systems',3,NULL,0),(1491,'Automobile Electronics',3,NULL,0),(1492,'Avionics',3,NULL,0),(1493,'Avionic Systems And Aerospace Instrumentation',3,NULL,0),(1494,'Autofocus',3,NULL,0),(1495,'Audio Coding',3,NULL,0),(1496,'Automata',3,NULL,0),(1497,'Audio Equipment And Systems',3,NULL,0),(1498,'Automated Tools',3,NULL,0),(1499,'Audio-frequency Amplifiers',3,NULL,0),(1500,'Automatic Control',3,NULL,0),(1501,'Audio-frequency Oscillators',3,NULL,0),(1502,'Automatic Decision Threshold Control',3,NULL,0),(1503,'Audio Oscillators',3,NULL,0),(1504,'Automatic Gain Control (agc)',3,NULL,0),(1505,'Audio Recording',3,NULL,0),(1506,'Automatic Test And Measurement Systems',3,NULL,0),(1507,'Audio Signal Processing',3,NULL,0),(1508,'Automatic Test Equipment',3,NULL,0),(1509,'Audio Systems',3,NULL,0),(1510,'Automatic Test Software',3,NULL,0),(1511,'Audio Tape Recorders',3,NULL,0),(1512,'Automatic Testing',3,NULL,0),(1513,'Audition',3,NULL,0),(1514,'Auditory Displays',3,NULL,0),(1515,'Auditory System',3,NULL,0),(1516,'Auto-zero Technique',3,NULL,0),(1517,'Auxiliary Mosfet',3,NULL,0),(1518,'Avalanche Breakdown',3,NULL,0),(1519,'Avalanche Photodiodes Avalanche Diode Microwave Amplifiers',3,NULL,0),(1520,'Avalanche Transistor Circuits',3,NULL,0),(1521,'Avalanche Diode Microwave Oscillators',3,NULL,0),(1522,'Avalanche Diodes',3,NULL,0),(1523,'Asic',3,NULL,0),(1524,'Asynchronous Circuits',3,NULL,0),(1525,'Associative Memories',3,NULL,0),(1526,'Asynchronous Debugging',3,NULL,0),(1527,'Associative Memory',3,NULL,0),(1528,'Asynchronous Demux',3,NULL,0),(1529,'Associative Processing',3,NULL,0),(1530,'Asynchronous Logic Circuits',3,NULL,0),(1531,'Associative Storage',3,NULL,0),(1532,'Asynchronous Processor',3,NULL,0),(1533,'Astronomical Data And Image Processing',3,NULL,0),(1534,'Asynchronous Testability',3,NULL,0),(1535,'Asymmetric Digital Subscriber Line',3,NULL,0),(1536,'Asynchronous Transfer Mode',3,NULL,0),(1537,'Asymmetric Digital Subscriber Loop (adsl)',3,NULL,0),(1538,'Atm Atomic Force Microscopy',3,NULL,0),(1539,'Atm/sonet',3,NULL,0),(1540,'Attenuation Equalizers',3,NULL,0),(1541,'Atmospheric Measurements',3,NULL,0),(1542,'Attenuators',3,NULL,0),(1543,'Analog Folding',3,NULL,0),(1544,'Annealing Processes For Semiconductor Devices',3,NULL,0),(1545,'Analog Front End (afe)',3,NULL,0),(1546,'Analog Integrated Circuits',3,NULL,0),(1547,'Antenna Arrays',3,NULL,0),(1548,'Analog Memories',3,NULL,0),(1549,'Antenna Beamforming Diversity',3,NULL,0),(1550,'Analog Memory',3,NULL,0),(1551,'Antenna Measurements',3,NULL,0),(1552,'Analog Multipliers',3,NULL,0),(1553,'Antenna Phased Arrays',3,NULL,0),(1554,'Analog Nonvolatile Memory',3,NULL,0),(1555,'Analog Pin',3,NULL,0),(1556,'Anti-alias Filters',3,NULL,0),(1557,'Analog Polyphase Filter',3,NULL,0),(1558,'Antifuse Circuitry',3,NULL,0),(1559,'Aperture Time',3,NULL,0),(1560,'Approximation Methods',3,NULL,0),(1561,'Application-specific Integrated Circuit (asic)',3,NULL,0),(1562,'Aps',3,NULL,0),(1563,'Approximate Processing',3,NULL,0),(1564,'Array Antennas',3,NULL,0),(1565,'Arc Discharges',3,NULL,0),(1566,'Array Noise',3,NULL,0),(1567,'Architecture Redundancy',3,NULL,0),(1568,'Array Processing',3,NULL,0),(1569,'Array Signal Processing',3,NULL,0),(1570,'Arithmetic Codes',3,NULL,0),(1571,'Arrays',3,NULL,0),(1572,'Arithmetic Units',3,NULL,0),(1573,'Am',3,NULL,0),(1574,'Amplifier Distortion',3,NULL,0),(1575,'Am Broadcast Receivers',3,NULL,0),(1576,'Amplifier Noise',3,NULL,0),(1577,'Am-pm Conversion',3,NULL,0),(1578,'Amplifiers',3,NULL,0),(1579,'Am Receivers',3,NULL,0),(1580,'Amplitude Modulation',3,NULL,0),(1581,'Amorphous Semiconductors',3,NULL,0),(1582,'Amplitude Modulators',3,NULL,0),(1583,'Amperometric And Conductometric Cell',3,NULL,0),(1584,'Amplitude Shift Keying',3,NULL,0),(1585,'Amplification',3,NULL,0),(1586,'Analog 2-d Filters',3,NULL,0),(1587,'Analog Processing Circuits',3,NULL,0),(1588,'Analog And Hybrid Computers And Systems',3,NULL,0),(1589,'Analog Rf-cmos',3,NULL,0),(1590,'Analog Array Processors',3,NULL,0),(1591,'Analog Shift Registers',3,NULL,0),(1592,'Analog Base-band Filter',3,NULL,0),(1593,'Analog Signal Processing',3,NULL,0),(1594,'Analog Circuits',3,NULL,0),(1595,'Analog Storage',3,NULL,0),(1596,'Analog Complex Filter',3,NULL,0),(1597,'Analog Switches',3,NULL,0),(1598,'Analog Computer Circuits',3,NULL,0),(1599,'Analog System Fault Diagnosis',3,NULL,0),(1600,'Analog Computers',3,NULL,0),(1601,'Analog System Fault Tolerance',3,NULL,0),(1602,'Analog-digital Integrated Circuits',3,NULL,0),(1603,'Analog System Testing',3,NULL,0),(1604,'Analog Filters',3,NULL,0),(1605,'Analog Techniques',3,NULL,0),(1606,'Analog Fir Filter',3,NULL,0),(1607,'Analog-to-digital Conversion (adc)',3,NULL,0),(1608,'Air Pollution Control',3,NULL,0),(1609,'Aircraft Computers',3,NULL,0),(1610,'Aerospace Instrumentation',3,NULL,0),(1611,'Agc (automatic Gain Control)',3,NULL,0),(1612,'Aging',3,NULL,0),(1613,'Algaas/gaas Hbt',3,NULL,0),(1614,'Alpha-particle Effects',3,NULL,0),(1615,'Algaas/gaas-hemt Ic\'s Aluminum',3,NULL,0),(1616,'Aluminum Compounds',3,NULL,0),(1617,'Algorithm Theory',3,NULL,0),(1618,'Aluminum Integrated Circuit Conductors',3,NULL,0),(1619,'All-pass Circuits',3,NULL,0),(1620,'Aluminum Materials/devices',3,NULL,0),(1621,'All-pass Networks',3,NULL,0),(1622,'Aluminum Oxide Films',3,NULL,0),(1623,'Active Antennas',3,NULL,0),(1624,'Acoustooptic Scanning',3,NULL,0),(1625,'Adaptive System Theory',3,NULL,0),(1626,'Adaptive Antenna Arrays',3,NULL,0),(1627,'Adaptive Systems',3,NULL,0),(1628,'Adaptive Arrays',3,NULL,0),(1629,'Add-on Boards',3,NULL,0),(1630,'Adaptive Bandwidth Pll',3,NULL,0),(1631,'Adders',3,NULL,0),(1632,'Adaptive Circuits',3,NULL,0),(1633,'Addition Adaptive Coding',3,NULL,0),(1634,'Adiabatic Circuit',3,NULL,0),(1635,'Adaptive Control',3,NULL,0),(1636,'Adiabatic Switching',3,NULL,0),(1637,'Adaptive Decision Systems',3,NULL,0),(1638,'Adjacent Channel Interference',3,NULL,0),(1639,'Adaptive Equalizers',3,NULL,0),(1640,'Adjoint Networks',3,NULL,0),(1641,'Admittance Adaptive Modulation',3,NULL,0),(1642,'Admittance Measurement',3,NULL,0),(1643,'Adaptive Power-supply System',3,NULL,0),(1644,'Adsl',3,NULL,0),(1645,'Adaptive Signal Processing',3,NULL,0),(1646,'Acceleration Measurement',3,NULL,0),(1647,'Active Circuits',3,NULL,0),(1648,'Accelerometers',3,NULL,0),(1649,'Active Distributed Networks Access Control',3,NULL,0),(1650,'Active-filter Building Blocks',3,NULL,0),(1651,'Acoustic Applications',3,NULL,0),(1652,'Acoustic Arrays',3,NULL,0),(1653,'Active Filters And Other Active Networks',3,NULL,0),(1654,'Acoustic Imaging',3,NULL,0),(1655,'Rc Acoustic Imaging/mapping',3,NULL,0),(1656,'Active Inductor',3,NULL,0),(1657,'Acoustic Measurements',3,NULL,0),(1658,'Active Matrix',3,NULL,0),(1659,'Acoustic Receivers',3,NULL,0),(1660,'Active Mixers',3,NULL,0),(1661,'Acoustic Resonators',3,NULL,0),(1662,'Active Network Elements',3,NULL,0),(1663,'Acoustic Signal Processing',3,NULL,0),(1664,'Active Networks',3,NULL,0),(1665,'Acoustic Surface-wave Delay Lines',3,NULL,0),(1666,'Rc Acoustic Surface-wave Devices',3,NULL,0),(1667,'Active Pixel Sensor (aps)',3,NULL,0),(1668,'Acoustic Surface-wave Filters',3,NULL,0),(1669,'Active Power Management',3,NULL,0),(1670,'Acoustic Wave Devices',3,NULL,0),(1671,'Active Rc Networks',3,NULL,0),(1672,'Acoustics',3,NULL,0),(1673,'Actuating And Final Control Devices',3,NULL,0),(1674,'Acoustooptic Devices',3,NULL,0),(1675,'Actuators',3,NULL,0),(1676,'Ac-dc Power Converters',3,NULL,0),(1677,'Mram',3,NULL,0),(1678,'Spintronics',3,NULL,0),(1679,'Microwave Materials',3,NULL,0),(1680,'Permanent Magnets',3,NULL,0),(1681,'Refrigerants',3,NULL,0),(1682,'Biomagnetism',3,NULL,0),(1683,'Biomedical Applications',3,NULL,0),(1684,'Magnetic Recording',3,NULL,0),(1685,'Motors',3,NULL,0),(1686,'Transformers',3,NULL,0),(1687,'Inductors',3,NULL,0),(1688,'Magneto-optics',3,NULL,0),(1689,'Sensors',3,NULL,0),(1690,'Magnetic Fluids',3,NULL,0),(1691,'Nanomagnetism',3,NULL,0),(1692,'Sensor Phenomena & Characterization (sensitivity- Selectivity- Noise- Aging- Hysteresis- Dynamic Range- Interfering Effects- Etc.)',3,NULL,0),(1693,'Multiple-sensor Systems',3,NULL,0),(1694,'Intelligent Sensing System',3,NULL,0),(1695,'Sensor Arrays',3,NULL,0),(1696,'\"electronic Nose\" Technology',3,NULL,0),(1697,'Sensor Buses',3,NULL,0),(1698,'Voting Systems',3,NULL,0),(1699,'Telemetering',3,NULL,0),(1700,'Metallic Sensors',3,NULL,0),(1701,'Thin-film Sensors',3,NULL,0),(1702,'Thick Film And Bulk Strain Gauges',3,NULL,0),(1703,'Pressure Sensors',3,NULL,0),(1704,'Angular Rate Sensors',3,NULL,0),(1705,'Displacement Transducers',3,NULL,0),(1706,'Quantum Devices',3,NULL,0),(1707,'Liquid-crystal Displays',3,NULL,0),(1708,'Surface-enhanced Raman Scattering (sers) Sensors',3,NULL,0),(1709,'Ionizing Radiation Sensors Such As Gamma Ray - X-ray - Charged Particle - Neutron Detectors',3,NULL,0),(1710,'Integrated Optics/fiber Optical Devices Such As Those Based On Photometry- Fluorimetry- Surface Plasmon Resonance- Interferometry- Ellipsometry',3,NULL,0),(1711,'Microwave/millimeter Wave Sensors',3,NULL,0),(1712,'Magnetic Sensors Such As: Magnetoresistors – Hall Effect Devices- Magnetometers - Magnetic-field Sensors- Solid-state Read And Write Heads',3,NULL,0),(1713,'Chemical And Biological Sensors With Emphasis On The Electronics And Physics Aspects Of Transducing Chemical And Biological Signals Into Information About Chemical And Biological Agents',3,NULL,0),(1714,'Mass-sensitive Devices Such As Quartz Crystal Microbalances And Surface Acoustic Wave Devices',3,NULL,0),(1715,'Sensor-actuators',3,NULL,0),(1716,'Including Integrated Sensor-actuators',3,NULL,0),(1717,'Smart Sensor-actuators And Networkable Sensors-actuators',3,NULL,0),(1718,'Combined Sensors (electrical & Mechanical) Such As Automotive- Medical-environmental Monitoring And Control –consumer',3,NULL,0),(1719,'Alarm And Security Sensor Systems',3,NULL,0),(1720,'Military Sensor Systems',3,NULL,0),(1721,'Nautical Sensor Systems',3,NULL,0),(1722,'Aeronautical And Space Sensor Systems',3,NULL,0),(1723,'Robotics And Automation Applications',3,NULL,0),(1724,'Intelligent Sensors For Applications Such As On-line Monitoring - Process Control - Test Kits -rfid And Other Identification Sensors',3,NULL,0),(1725,'Internet Based And Other Remote Data Acquisition And Control Of Sensors',3,NULL,0),(1726,'Packaging And Interconnections',3,NULL,0),(1727,'Sensor Signal Processing And Array Sensor Fusion',3,NULL,0),(1728,'Physical Model Based Statistical Sensor Array Processing; Sensors Modeling And Analysis; Processing Of Wave (em – Acoustic -etc.) And Non-wave (chemical – Gravity –particle – Thermal - Radiative And Non-radiative); Source Detection',3,NULL,0),(1729,'And Classification Including Of Substances As With Chemical Sensors',3,NULL,0),(1730,'Sensor Materials',3,NULL,0),(1731,'Solid-state Sensors',3,NULL,0),(1732,'Thin-film And Thick-film Gas Sensors',3,NULL,0),(1733,'Humidity Sensors',3,NULL,0),(1734,'Specific Ion Sensors (such As Ph Sensors)',3,NULL,0),(1735,'Radon Sensors',3,NULL,0),(1736,'Carbon Monoxide Sensors',3,NULL,0),(1737,'Viscosity Sensors',3,NULL,0),(1738,'Density Sensors',3,NULL,0),(1739,'Acoustic Velocity Sensors',3,NULL,0),(1740,'Proximity Sensors',3,NULL,0),(1741,'Altimeters',3,NULL,0),(1742,'Barometers',3,NULL,0),(1743,'Combined Sensors (electrical & Mechanical)',3,NULL,0),(1744,'Environmental Monitoring And Control',3,NULL,0),(1745,'Consumer',3,NULL,0),(1746,'Force Sensors',3,NULL,0),(1747,'Bulk And Surface Acoustic Wave Sensors',3,NULL,0),(1748,'Ultrasonic Sensors',3,NULL,0),(1749,'Flow Meters And Flow Controllers',3,NULL,0),(1750,'Gyroscopes And Microelectromechanical (mems) Sensors',3,NULL,0),(1751,'Thermal Sensors -platinum Resistors',3,NULL,0),(1752,'Diode And Transistor Temperature Sensors',3,NULL,0),(1753,'Thermopiles',3,NULL,0),(1754,'Pyroelectric And Piezoelectric Thermometers',3,NULL,0),(1755,'Calorimeters',3,NULL,0),(1756,'Bolometers',3,NULL,0),(1757,'Optoelectronic/photonic Sensors Such As: Photovoltaic Diodes- Photoconductors- Photodiodes- Phototransistors',3,NULL,0),(1758,'Position-sensitive Photodetectors',3,NULL,0),(1759,'Photodiode Arrays',3,NULL,0),(1760,'Charge-coupled Devices',3,NULL,0),(1761,'Light-emitting Diodes',3,NULL,0),(1762,'Diode Lasers',3,NULL,0),(1763,'Em Shielding',3,NULL,0),(1764,'High-level Testing',3,NULL,0),(1765,'Em Mitigation',3,NULL,0),(1766,'Em Protection',3,NULL,0),(1767,'Em Simulators',3,NULL,0),(1768,'Em Assessments',3,NULL,0),(1769,'Radars',3,NULL,0),(1770,'Hpm',3,NULL,0),(1771,'Uwb',3,NULL,0),(1772,'Hyperband',3,NULL,0),(1773,'Mesoband',3,NULL,0),(1774,'Susceptibility',3,NULL,0),(1775,'Em Terrorism',3,NULL,0),(1776,'Critical Infrastructure',3,NULL,0),(1777,'Em Weapons',3,NULL,0),(1778,'Rf Weapons',3,NULL,0),(1779,'Nuclear Weapons',3,NULL,0),(1780,'Defense',3,NULL,0),(1781,'Arcing',3,NULL,0),(1782,'Non-linear Effects',3,NULL,0),(1783,'Spd',3,NULL,0),(1784,'Emp Hardening',3,NULL,0),(1785,'Iemi Detectors',3,NULL,0),(1786,'Hardening',3,NULL,0),(1787,'Hpem',3,NULL,0),(1788,'Emp',3,NULL,0),(1789,'Iemp',3,NULL,0),(1790,'Sgemp',3,NULL,0),(1791,'Hemp',3,NULL,0),(1792,'Nemp',3,NULL,0),(1793,'Sremp',3,NULL,0),(1794,'Iemi',3,NULL,0),(1795,'Hirf',3,NULL,0),(1796,'Esd',3,NULL,0),(1797,'Lemp',3,NULL,0),(1798,'Lightning',3,NULL,0),(1799,'Multifactor Stress',3,NULL,0),(1800,'Thermal Stress',3,NULL,0),(1801,'Electrical Stress',3,NULL,0),(1802,'Environmental Stress',3,NULL,0),(1803,'Mechanical Stress',3,NULL,0),(1804,'Diagnostics',3,NULL,0),(1805,'Electrical Insulation Systems',3,NULL,0),(1806,'Failure Mechanisms',3,NULL,0),(1807,'Electrical Insulating Materials',3,NULL,0),(1808,'Biodielectrics',3,NULL,0),(1809,'Electrical Insulating Systems',3,NULL,0),(1810,'Gaseous Dielectrics',3,NULL,0),(1811,'Outdoor Insulation',3,NULL,0),(1812,'Liquid Dielectrics',3,NULL,0),(1813,'Electrohydrodynamics',3,NULL,0),(1814,'Electromagnetic Compatibility',3,NULL,0),(1815,'Emissions',3,NULL,0),(1816,'Immunity',3,NULL,0),(1817,'Interference',3,NULL,0),(1818,'Failure Analysis',3,NULL,0),(1819,'Root Cause',3,NULL,0),(1820,'Accessibility',3,NULL,0),(1821,'High Voltage',3,NULL,0),(1822,'Low Voltage',3,NULL,0),(1823,'Safety Hazards',3,NULL,0),(1824,'Environmental Sensors',3,NULL,0),(1825,'Sensing',3,NULL,0),(1826,'Measuring Performance',3,NULL,0),(1827,'Nano Sensors',3,NULL,0),(1828,'Sensors And Actuators',3,NULL,0),(1829,'Sensor Devices',3,NULL,0),(1830,'Measurement Theory',3,NULL,0),(1831,'Measurement Uncertainty',3,NULL,0),(1832,'Intelligent Systems',3,NULL,0),(1833,'Electronic Packaging',3,NULL,0),(1834,'Electronics Packaging',3,NULL,0),(1835,'Internet',3,NULL,0),(1836,'Cryptography',3,NULL,0),(1837,'Fiber Wireless Integration',3,NULL,0),(1838,'Fiber Optics',3,NULL,0),(1839,'Broadband',3,NULL,0),(1840,'Radio Over Fiber',3,NULL,0),(1841,'Ofdm',3,NULL,0),(1842,'Wi-fi',3,NULL,0),(1843,'Multimedia Over Fiber',3,NULL,0),(1844,'Fiber-wireless',3,NULL,0),(1845,'Ip Network',3,NULL,0),(1846,'Archiving Junk',3,NULL,0),(1847,'Smart Cars',3,NULL,0),(1848,'Optimal Wing Design',3,NULL,0),(1849,'Evolutionary Design',3,NULL,0),(1850,'Fuzzy Control',3,NULL,0),(1851,'Neural Control',3,NULL,0),(1852,'Optimal Ramp Control',3,NULL,0),(1853,'Ramp Control',3,NULL,0),(1854,'Traffic Control',3,NULL,0),(1855,'Optimal Traffic Control',3,NULL,0),(1856,'Logistics',3,NULL,0),(1857,'Bin Packing',3,NULL,0),(1858,'Adaptive Vehicle Systems',3,NULL,0),(1859,'Iptv',3,NULL,0),(1860,'Patent',3,NULL,0),(1861,'Service Protection',3,NULL,0),(1862,'Fairness',3,NULL,0),(1863,'Dsp',3,NULL,0),(1864,'Channel',3,NULL,0),(1865,'Performance',3,NULL,0),(1866,'Performance Evaluation',3,NULL,0),(1867,'Modeling',3,NULL,0),(1868,'Integration',3,NULL,0),(1869,'Recovery',3,NULL,0),(1870,'Duplication',3,NULL,0),(1871,'Interception',3,NULL,0),(1872,'Confidentiality',3,NULL,0),(1873,'Crm',3,NULL,0),(1874,'High Energy Density Physics',3,NULL,0),(1875,'Hedp',3,NULL,0),(1876,'Z-pinch',3,NULL,0),(1877,'Wire Arrays',3,NULL,0),(1878,'K-line Radiation',3,NULL,0),(1879,'Black Body Sources',3,NULL,0),(1880,'Pet',3,NULL,0),(1881,'Positron Emission Tomography',3,NULL,0),(1882,'Scintillators',3,NULL,0),(1883,'Photodetectors',3,NULL,0),(1884,'System',3,NULL,0),(1885,'Cybernetics',3,NULL,0),(1886,'International Technical Communication',3,NULL,0),(1887,'Localization',3,NULL,0),(1888,'Simplified Language',3,NULL,0),(1889,'Decision Support',3,NULL,0),(1890,'Decision Making',3,NULL,0),(1891,'Human-machine Interfaces',3,NULL,0),(1892,'Human-machine Interaction',3,NULL,0),(1893,'Virtual Worlds',3,NULL,0),(1894,'Social Computing',3,NULL,0),(1895,'User-centered Design',3,NULL,0),(1896,'Usability Evaluation',3,NULL,0),(1897,'Hci',3,NULL,0),(1898,'Technical Communication',3,NULL,0),(1899,'Usability Testing',3,NULL,0),(1900,'Web Design',3,NULL,0),(1901,'Documentation',3,NULL,0),(1902,'User Support',3,NULL,0),(1903,'User Education',3,NULL,0),(1904,'Content Management',3,NULL,0),(1905,'Knowledge Management',3,NULL,0),(1906,'New Media',3,NULL,0),(1907,'Collaborative Technologies',3,NULL,0),(1908,'Communication Tools',3,NULL,0),(1909,'Situational Awareness',3,NULL,0),(1910,'Language For Special Purposes',3,NULL,0),(1911,'Electronic Publishing',3,NULL,0),(1912,'Electronic Information',3,NULL,0),(1913,'Communication Systems',3,NULL,0),(1914,'Command Control Communication Intelligence',3,NULL,0),(1915,'Design Specificaton',3,NULL,0),(1916,'Design Tools',3,NULL,0),(1917,'Authoring Tools',3,NULL,0),(1918,'Collaboration Technologies',3,NULL,0),(1919,'Wikis',3,NULL,0),(1920,'Emerging Media',3,NULL,0),(1921,'Text Analysis',3,NULL,0),(1922,'Content Delivery',3,NULL,0),(1923,'Gml',3,NULL,0),(1924,'Xml',3,NULL,0),(1925,'Dita',3,NULL,0),(1926,'Single Sourcing',3,NULL,0),(1927,'Open Source',3,NULL,0),(1928,'Documentation Standards',3,NULL,0),(1929,'Data Visualization',3,NULL,0),(1930,'Visual Analytics',3,NULL,0),(1931,'Visual Design',3,NULL,0),(1932,'Information Design',3,NULL,0),(1933,'Information Development',3,NULL,0),(1934,'Information Services',3,NULL,0),(1935,'Information Management',3,NULL,0),(1936,'Human-computer Interaction',3,NULL,0),(1937,'Interface Design',3,NULL,0),(1938,'Interaction Design',3,NULL,0),(1939,'Usability Engineering',3,NULL,0),(1940,'User Analysis',3,NULL,0),(1941,'Ultracapacitor',3,NULL,0),(1942,'Burst Power',3,NULL,0),(1943,'Lifetime Improvement',3,NULL,0),(1944,'High Cycling',3,NULL,0),(1945,'Energy Throughput',3,NULL,0),(1946,'Buck-boost Buffer',3,NULL,0),(1947,'Battery-ultracapacitor Combination',3,NULL,0),(1948,'Energy Recuperator',3,NULL,0),(1949,'Voltage Stabilization',3,NULL,0),(1950,'Dynamic Voltage Restorer',3,NULL,0),(1951,'Active Parallel Energy Storage',3,NULL,0),(1952,'Passive Parallel Energy Storage',3,NULL,0),(1953,'Traction Drive',3,NULL,0),(1954,'Nano Tech',3,NULL,0),(1955,'Evaluating Personnel',3,NULL,0),(1956,'Finding Problems',3,NULL,0),(1957,'Finding Opportunities',3,NULL,0),(1958,'Solving Problems',3,NULL,0),(1959,'Innovation',3,NULL,0),(1960,'Managing Technology',3,NULL,0),(1961,'Managing Competencies',3,NULL,0),(1962,'Strategy',3,NULL,0),(1963,'Systems Engineering',3,NULL,0),(1964,'Testing',3,NULL,0),(1965,'Software Engineering',3,NULL,0),(1966,'Computer Bus',3,NULL,0),(1967,'Floating Point',3,NULL,0),(1968,'Firewire',3,NULL,0),(1969,'Software Requirements',3,NULL,0),(1970,'Measurements',3,NULL,0),(1971,'Metrics',3,NULL,0),(1972,'Conformance',3,NULL,0),(1973,'Standards',3,NULL,0),(1974,'Distributed Power',3,NULL,0),(1975,'Prosthetics',3,NULL,0),(1976,'Reliable Power',3,NULL,0),(1977,'Wearable Power',3,NULL,0),(1978,'Transcutaneous Power',3,NULL,0),(1979,'Body Power Systems',3,NULL,0),(1980,'Switching Amplifiers',3,NULL,0),(1981,'Class D Amplifiers',3,NULL,0),(1982,'Electric Traction',3,NULL,0),(1983,'Automotive Power Systems',3,NULL,0),(1984,'Electric Power Steering',3,NULL,0),(1985,'Plug-in Hybrids',3,NULL,0),(1986,'Fuel Cell Vehicles',3,NULL,0),(1987,'Electromechanical Actuators',3,NULL,0),(1988,'High-temperature Semiconductors',3,NULL,0),(1989,'Active Suspensions',3,NULL,0),(1990,'Ultracapacitors',3,NULL,0),(1991,'Bidirectional Battery Charging',3,NULL,0),(1992,'Grid-interactive Hybrids',3,NULL,0),(1993,'Inverters',3,NULL,0),(1994,'Charge Balancing',3,NULL,0),(1995,'Nuclear Radiation Effects',3,NULL,0),(1996,'Space Radiation Effects',3,NULL,0),(1997,'Single Particle Radiation Effects',3,NULL,0),(1998,'Low Dose Radiation Effects',3,NULL,0),(1999,'High Dose-rate Radiation Effects',3,NULL,0),(2000,'Logic Upset',3,NULL,0),(2001,'Building Simulation',3,NULL,0),(2002,'Energy Flow Simulation',3,NULL,0),(2003,'Lighting Control',3,NULL,0),(2004,'Spectrum Agile Radio',3,NULL,0),(2005,'Performance Metrics',3,NULL,0),(2006,'Reliability Modeling',3,NULL,0),(2007,'Software Patterns',3,NULL,0),(2008,'Video Image Processing',3,NULL,0),(2009,'Image Processing',3,NULL,0),(2010,'Face Recognition',3,NULL,0),(2011,'Biometrics',3,NULL,0),(2012,'Pattern Analysis',3,NULL,0),(2013,'Document Image Analysis',3,NULL,0),(2014,'Ocr',3,NULL,0),(2015,'Graphics Recognition',3,NULL,0),(2016,'Gait Analysis',3,NULL,0),(2017,'Pattern Recognition',3,NULL,0),(2018,'Reconfigurable Antennas',3,NULL,0),(2019,'Smart Antennas',3,NULL,0),(2020,'Multiband Antennas',3,NULL,0),(2021,'Medical Microwaves',3,NULL,0),(2022,'Medical Devices',3,NULL,0),(2023,'Multifunction Antennas',3,NULL,0),(2024,'Satellite Observation',3,NULL,0),(2025,'Structural Health Monitoring',3,NULL,0),(2026,'Wireless Antennas',3,NULL,0),(2027,'Bridge Monitoring',3,NULL,0),(2028,'Smart Highways',3,NULL,0),(2029,'Automotive Radar',3,NULL,0),(2030,'Phased Arrays',3,NULL,0),(2031,'Coding And Marketing Technology (optical & Rfid)',3,NULL,0),(2032,'Electromagnetic Imaging',3,NULL,0),(2033,'Electromagnetic Interference',3,NULL,0),(2034,'Antenna Packaging',3,NULL,0),(2035,'Animal Tracking',3,NULL,0),(2036,'3d Imaging',3,NULL,0),(2037,'High Resolution Imaging',3,NULL,0),(2038,'Terahertz Imaging',3,NULL,0),(2039,'Millimeter Wave Imaging',3,NULL,0),(2040,'Microwave Imaging',3,NULL,0),(2041,'Bioremediation',3,NULL,0),(2042,'Bioengineering',3,NULL,0),(2043,'Biotechnology',3,NULL,0),(2044,'Biological Impact',3,NULL,0),(2045,'Implantable Devices',3,NULL,0),(2046,'3-d Imaging',3,NULL,0),(2047,'Wearable Sensors',3,NULL,0),(2048,'Rural Healthcare',3,NULL,0),(2049,'Wearable Antennas',3,NULL,0),(2050,'Wearable Radios',3,NULL,0),(2051,'Implantable Electromagnetic Devices',3,NULL,0),(2052,'Retinal Prostheses',3,NULL,0),(2053,'Secure Wireless Transactions',3,NULL,0),(2054,'Weather Prediction',3,NULL,0),(2055,'Wave Propagation',3,NULL,0),(2056,'Wireless Spectrum',3,NULL,0),(2057,'Remote Power',3,NULL,0),(2058,'Weather Monitoring',3,NULL,0),(2059,'Remote Sensing',3,NULL,0),(2060,'Adhoc Wireless Networks',3,NULL,0),(2061,'Power Aware Design',3,NULL,0),(2062,'Energy Efficiency Solutions',3,NULL,0),(2063,'Miniaturized Antennas',3,NULL,0),(2064,'Electromagnetics',3,NULL,0),(2065,'Antenna Demonstrations',3,NULL,0),(2066,'All Weather Operation',3,NULL,0),(2067,'Satellite',3,NULL,0),(2068,'Satellite Communications',3,NULL,0),(2069,'Conformal Antennas',3,NULL,0),(2070,'Unmanned Aerial Vehicles',3,NULL,0),(2071,'Antenna Miniaturization',3,NULL,0),(2072,'Beamforming',3,NULL,0),(2073,'Reliable Communications',3,NULL,0),(2074,'Interoperable Communications',3,NULL,0),(2075,'Interoperability',3,NULL,0),(2076,'Ultrawideband Antennas',3,NULL,0),(2077,'Atmospheric Sensing',3,NULL,0),(2078,'Satellite Tv',3,NULL,0),(2079,'Satellite Arrays',3,NULL,0),(2080,'Antenna Packaging Interaction',3,NULL,0),(2081,'Portable Devices',3,NULL,0),(2082,'Haptics',3,NULL,0),(2083,'Haptics (wearable Computing)',3,NULL,0),(2084,'Software Testing',3,NULL,0),(2085,'User Centered Design',3,NULL,0),(2086,'Data Structures',3,NULL,0),(2087,'Systems Analysis',3,NULL,0),(2088,'Software Process',3,NULL,0),(2089,'Business Process',3,NULL,0),(2090,'Software Life Cycle',3,NULL,0),(2091,'Systems Of Systems',3,NULL,0),(2092,'Machine Intelligence',3,NULL,0),(2093,'Information Theory',3,NULL,0),(2094,'Class',3,NULL,0),(2095,'Class Diagram',3,NULL,0),(2096,'Entity',3,NULL,0),(2097,'Entity Relationship Attribute Diagram',3,NULL,0),(2098,'Software Architecture',3,NULL,0),(2099,'Domain Engineering',3,NULL,0),(2100,'State Machine',3,NULL,0),(2101,'State Diagram',3,NULL,0),(2102,'Uml',3,NULL,0),(2103,'Unified Modeling Language',3,NULL,0),(2104,'Object-oriented Design',3,NULL,0),(2105,'Object-oriented Programming',3,NULL,0),(2106,'Compilers',3,NULL,0),(2107,'Dataflow',3,NULL,0),(2108,'Service Management',3,NULL,0),(2109,'Bioinformatics',3,NULL,0),(2110,'Design Automation',3,NULL,0),(2111,'Environmental Assessment',3,NULL,0),(2112,'Intelligent Agents',3,NULL,0),(2113,'Information Assurance',3,NULL,0),(2114,'Learning Technology',3,NULL,0),(2115,'Local Area Networks',3,NULL,0),(2116,'802 Standards',3,NULL,0),(2117,'Microprocessor',3,NULL,0),(2118,'Portable Applications',3,NULL,0),(2119,'Simulation Interoperability',3,NULL,0),(2120,'Storage Systems',3,NULL,0),(2121,'Test Technology',3,NULL,0),(2122,'Game Technology',3,NULL,0),(2123,'Ac',3,NULL,0),(2124,'Formal Methods',3,NULL,0),(2125,'Plcs',3,NULL,0),(2126,'Fmea',3,NULL,0),(2127,'Fmeca',3,NULL,0),(2128,'Hardware In The Loop',3,NULL,0),(2129,'Hse',3,NULL,0),(2130,'Power Saving',3,NULL,0),(2131,'Portable Power',3,NULL,0),(2132,'Alternative',3,NULL,0),(2133,'Training And Continuing Education',3,NULL,0),(2134,'Renewable',3,NULL,0),(2135,'Infrastructure',3,NULL,0),(2136,'Environmental',3,NULL,0),(2137,'Energy Savings',3,NULL,0),(2138,'Process Integration',3,NULL,0),(2139,'Dealing With Real World',3,NULL,0),(2140,'Student Evaluation',3,NULL,0),(2141,'Comprehensive Approach',3,NULL,0),(2142,'Focus',3,NULL,0),(2143,'Objectives',3,NULL,0),(2144,'Business',3,NULL,0),(2145,'Entrepreneurship',3,NULL,0),(2146,'Project Management',3,NULL,0),(2147,'Vulnerability',3,NULL,0),(2148,'Monitoring',3,NULL,0),(2149,'Warranty',3,NULL,0),(2150,'Fault',3,NULL,0),(2151,'Availability',3,NULL,0),(2152,'Ergonomics',3,NULL,0),(2153,'Risk Mitigation',3,NULL,0),(2154,'System Integration',3,NULL,0),(2155,'Acceptance Testing',3,NULL,0),(2156,'Sensors For Condition-based Maintenance',3,NULL,0),(2157,'Severity Of Consequences',3,NULL,0),(2158,'Integrity',3,NULL,0),(2159,'Countermeasures',3,NULL,0),(2160,'System Safety',3,NULL,0),(2161,'Design Of Experiments (doe)',3,NULL,0),(2162,'Scheduled Maintenance',3,NULL,0),(2163,'Human Factors',3,NULL,0),(2164,'Supportability',3,NULL,0),(2165,'Degradation',3,NULL,0),(2166,'Physics Of Failure',3,NULL,0),(2167,'Trust',3,NULL,0),(2168,'Maintainability',3,NULL,0),(2169,'Service Life',3,NULL,0),(2170,'Testability',3,NULL,0),(2171,'Wear',3,NULL,0),(2172,'Derating Factors',3,NULL,0),(2173,'Fault Accommodation',3,NULL,0),(2174,'Deterioration',3,NULL,0),(2175,'Unscheduled Maintenance',3,NULL,0),(2176,'Condition-based Maintenance',3,NULL,0),(2177,'Prognostics',3,NULL,0),(2178,'Failure Rate',3,NULL,0),(2179,'Fault Tolerance',3,NULL,0),(2180,'Reliability Prediction Analysis',3,NULL,0),(2181,'Model-based Reasoning',3,NULL,0),(2182,'Failure Modes',3,NULL,0),(2183,'Fault Recovery',3,NULL,0),(2184,'Hazard Severity',3,NULL,0),(2185,'System Prognostics And Health Managment (sphm)',3,NULL,0),(2186,'Fault Isolation',3,NULL,0),(2187,'Six Sigma',3,NULL,0),(2188,'Accelerated Testing',3,NULL,0),(2189,'Built-in Test',3,NULL,0),(2190,'Dependability',3,NULL,0),(2191,'Upgradeability',3,NULL,0),(2192,'On-condition Maintenance',3,NULL,0),(2193,'Endurance',3,NULL,0),(2194,'Fatigue',3,NULL,0),(2195,'Maintenance Manhours Per Usage Time',3,NULL,0),(2196,'Cognitive',3,NULL,0),(2197,'Life Limited Items',3,NULL,0),(2198,'Mission Critical',3,NULL,0),(2199,'Electromagntic Interference And Compatibility',3,NULL,0),(2200,'Emv',3,NULL,0),(2201,'Emission Control (emcon)',3,NULL,0),(2202,'Emc',3,NULL,0),(2203,'Nuclear Survivability',3,NULL,0),(2204,'Emission',3,NULL,0),(2205,'Electromagnetic Environmental Effects (eme)',3,NULL,0),(2206,'Flight Safety',3,NULL,0),(2207,'Collocation',3,NULL,0),(2208,'Hero',3,NULL,0),(2209,'Herp',3,NULL,0),(2210,'Emi Control',3,NULL,0),(2211,'Herf',3,NULL,0),(2212,'Tree',3,NULL,0),(2213,'Intra-system Compatibility',3,NULL,0),(2214,'Sustainability',3,NULL,0),(2215,'Purpose',3,NULL,0),(2216,'Definition',3,NULL,0),(2217,'System Approach',3,NULL,0),(2218,'Efficient And Effective Search',3,NULL,0),(2219,'Compatibility',3,NULL,0),(2220,'Relaibility',3,NULL,0),(2221,'Plant Engineering',3,NULL,0),(2222,'Business Perspective',3,NULL,0),(2223,'Process',3,NULL,0),(2224,'Innovation. Entrepreneurship',3,NULL,0),(2225,'Maintenance',3,NULL,0),(2226,'Hybrid',3,NULL,0),(2227,'Qos',3,NULL,0),(2228,'Sdk',3,NULL,0),(2229,'Optical Switching',3,NULL,0),(2230,'Whn',3,NULL,0),(2231,'Qoe',3,NULL,0),(2232,'Motes',3,NULL,0),(2233,'Gigabit Wireless Networks',3,NULL,0),(2234,'Femtocells',3,NULL,0),(2235,'Lte',3,NULL,0),(2236,'Enterprise Management',3,NULL,0),(2237,'Location Based Service',3,NULL,0),(2238,'Ims',3,NULL,0),(2239,'4g',3,NULL,0),(2240,'Frequency Hopping',3,NULL,0),(2241,'Rf Compatibility',3,NULL,0),(2242,'Eccm',3,NULL,0),(2243,'Electronic Protect',3,NULL,0),(2244,'Error Correction Codes',3,NULL,0),(2245,'Waveform Diversity',3,NULL,0),(2246,'Noise Cancelling',3,NULL,0),(2247,'Spread Spectrum',3,NULL,0),(2248,'Anti-jam',3,NULL,0),(2249,'Power-aware Computing',3,NULL,0),(2250,'Timing',3,NULL,0),(2251,'Test',3,NULL,0),(2252,'Design',3,NULL,0),(2253,'Design Productivity',3,NULL,0),(2254,'Yield',3,NULL,0),(2255,'Noise Analysis',3,NULL,0),(2256,'Rural Power',3,NULL,0),(2257,'Precision Time Transfer To Challenged Platforms',3,NULL,0),(2258,'Ymax',3,NULL,0),(2259,'Ultrasonic Communication',3,NULL,0),(2260,'Data Logging',3,NULL,0),(2261,'Non-destructive Evaluation',3,NULL,0),(2262,'Sonobuoys',3,NULL,0),(2263,'Combat Casualty Care',3,NULL,0),(2264,'Acoustic Communications',3,NULL,0),(2265,'Navigation',3,NULL,0),(2266,'Spectrum Control',3,NULL,0),(2267,'Infrared Imaging',3,NULL,0),(2268,'Harvesting',3,NULL,0),(2269,'Biodiesel Conversion',3,NULL,0),(2270,'Hydrogen Storage',3,NULL,0),(2271,'Metering',3,NULL,0),(2272,'Recyclable Materials',3,NULL,0),(2273,'Ultrasonic Cleaning',3,NULL,0),(2274,'Lead-free Piezoelectrics',3,NULL,0),(2275,'Screening',3,NULL,0),(2276,'Micromachines',3,NULL,0),(2277,'Mems',3,NULL,0),(2278,'Molecular Engines',3,NULL,0),(2279,'Therapeutic Ultrasound',3,NULL,0),(2280,'Photoacoustics',3,NULL,0),(2281,'Microfluidics',3,NULL,0),(2282,'Drug Delivery',3,NULL,0),(2283,'High Throughput Screening',3,NULL,0),(2284,'Positioning For Instrumentation',3,NULL,0),(2285,'Ink-jet Printing',3,NULL,0),(2286,'Integrated Passive Components',3,NULL,0),(2287,'Collision Avoidance',3,NULL,0),(2288,'High Energy Density Capacitors',3,NULL,0),(2289,'Fuel Injectors',3,NULL,0),(2290,'Electrical Overstress',3,NULL,0),(2291,'Surges',3,NULL,0),(2292,'Interleving',3,NULL,0),(2293,'Cylclic Codes',3,NULL,0),(2294,'Cloud Computing',3,NULL,0),(2295,'Optical Grid',3,NULL,0),(2296,'Utility Computing',3,NULL,0),(2297,'Ethics',3,NULL,0),(2298,'Mobile Communication',3,NULL,0),(2299,'Rov',3,NULL,0),(2300,'Operational Oceanography',3,NULL,0),(2301,'Towed Arrays',3,NULL,0),(2302,'Underwater Cables',3,NULL,0),(2303,'Underwater Acoustics',3,NULL,0),(2304,'Bottom Types',3,NULL,0),(2305,'Xbt',3,NULL,0),(2306,'Bubble Clouds',3,NULL,0),(2307,'Ctd',3,NULL,0),(2308,'Reverberation',3,NULL,0),(2309,'Electronic Medical Records',3,NULL,0),(2310,'Electronic Medical Records Standards',3,NULL,0),(2311,'Rehabilitation Medicine',3,NULL,0),(2312,'Service Lifetime',3,NULL,0),(2313,'Repair',3,NULL,0),(2314,'Hazards',3,NULL,0),(2315,'Fault Accomodation',3,NULL,0),(2316,'Vulnerabilities',3,NULL,0),(2317,'Diagnostic Tools',3,NULL,0),(2318,'Upgradability',3,NULL,0),(2319,'Environmental Stress Screening',3,NULL,0),(2320,'Failure Reporting',3,NULL,0),(2321,'Condition Based Maintenance',3,NULL,0),(2322,'Fracas',3,NULL,0),(2323,'Process Failure Modes And Effects Analysis',3,NULL,0),(2324,'Product Security',3,NULL,0),(2325,'Nanotechnology',3,NULL,0),(2326,'Transmitters And Receivers',3,NULL,0),(2327,'Field Failures',3,NULL,0),(2328,'Failure Mode & Effects Baseline',3,NULL,0),(2329,'Failures',3,NULL,0),(2330,'Limited Life Items',3,NULL,0),(2331,'Corrosion',3,NULL,0),(2332,'Mechanical Stress Analysis',3,NULL,0),(2333,'Interconnect Devices',3,NULL,0),(2334,'Memory',3,NULL,0),(2335,'Integrated Systems',3,NULL,0),(2336,'Green Manufacturing',3,NULL,0),(2337,'Airborne Observation',3,NULL,0),(2338,'Carbon Assessment',3,NULL,0),(2339,'Mobile Television',3,NULL,0),(2340,'Parallel Systems',3,NULL,0),(2341,'Data Engineering',3,NULL,0),(2342,'Datacomms',3,NULL,0),(2343,'Lasers',3,NULL,0),(2344,'Lidar',3,NULL,0),(2345,'Range Finding',3,NULL,0),(2346,'Ladar',3,NULL,0),(2347,'Burst Illumination',3,NULL,0),(2348,'Chip/package Co-design',3,NULL,0),(2349,'Laser Tv',3,NULL,0),(2350,'3d Tv',3,NULL,0),(2351,'Lcd Dispalys',3,NULL,0),(2352,'Plasma Displays',3,NULL,0),(2353,'Digital Cinema',3,NULL,0),(2354,'Solid State Lighting',3,NULL,0),(2355,'Effcient Displays',3,NULL,0),(2356,'Retinal Scanning',3,NULL,0),(2357,'Photodynadic Therapy',3,NULL,0),(2358,'Dna Sequencing',3,NULL,0),(2359,'Laser Welding',3,NULL,0),(2360,'Cutting',3,NULL,0),(2361,'Fiber Laser',3,NULL,0),(2362,'Disk Laser',3,NULL,0),(2363,'Autonomous Vehicles',3,NULL,0),(2364,'Leds',3,NULL,0),(2365,'Noise Anlysis',3,NULL,0),(2366,'Floorplanning',3,NULL,0),(2367,'Energy Aware Design',3,NULL,0),(2368,'3d Design',3,NULL,0),(2369,'Circuit',3,NULL,0),(2370,'Design Specificaiotn',3,NULL,0),(2371,'Shapes Checking',3,NULL,0),(2372,'Embedded Power',3,NULL,0),(2373,'Distributed_generation',3,NULL,0),(2374,'Relaible Power',3,NULL,0),(2375,'Nonlethal Weapons',3,NULL,0),(2376,'Optical/fibre Communications',3,NULL,0),(2377,'Semiconductor',3,NULL,0),(2378,'Manufacturing',3,NULL,0),(2379,'Fuel_cells',3,NULL,0),(2380,'Distributed Sensor Networks',3,NULL,0),(2381,'Robotics And Robots',3,NULL,0),(2382,'Environmental Acoustics',3,NULL,0),(2383,'Spectral Management',3,NULL,0),(2384,'Self_organization',3,NULL,0),(2385,'Personal Safety',3,NULL,0),(2386,'Speech Privacy',3,NULL,0),(2387,'Fiber To The Premises',3,NULL,0),(2388,'Vdsl',3,NULL,0),(2389,'Management Recovery',3,NULL,0),(2390,'Bandwidth Maximization',3,NULL,0),(2391,'Network Neutrality',3,NULL,0),(2392,'Epon',3,NULL,0),(2393,'Powerline',3,NULL,0),(2394,'Platforms',3,NULL,0),(2395,'Self-aware Systems',3,NULL,0),(2396,'Baseband',3,NULL,0),(2397,'Set_top_box',3,NULL,0),(2398,'Autonomic Systems',3,NULL,0),(2399,'Car-to-car',3,NULL,0),(2400,'Gpon',3,NULL,0),(2401,'Open Systems',3,NULL,0),(2402,'Frequency Disputes',3,NULL,0),(2403,'End_to_end Qos',3,NULL,0),(2404,'Speech Applications',3,NULL,0),(2405,'Human Machine Interfaces',3,NULL,0),(2406,'Large Scale Problems',3,NULL,0),(2407,'Computer Architecture',3,NULL,0),(2408,'Search',3,NULL,0),(2409,'Computer Gaming',3,NULL,0),(2410,'Certification',3,NULL,0),(2411,'E-learning',3,NULL,0),(2412,'Information Technolocy',3,NULL,0),(2413,'Artificial Intelligence',3,NULL,0),(2414,'Data Centers',3,NULL,0),(2415,'Natural Language Processing',3,NULL,0),(2416,'Computer Networking',3,NULL,0),(2417,'Programming Languages',3,NULL,0),(2418,'Databases',3,NULL,0),(2419,'Real-time Applications',3,NULL,0),(2420,'Pattern Reconfiguration',3,NULL,0),(2421,'Autonomous Self-aware Machines',3,NULL,0),(2422,'Dependable Computing',3,NULL,0),(2423,'Network Interfaces',3,NULL,0),(2424,'Computer Vision',3,NULL,0),(2425,'Internet Computing',3,NULL,0),(2426,'Super Computing',3,NULL,0),(2427,'Environment-friendly Computing',3,NULL,0),(2428,'Computational Intelligence',3,NULL,0),(2429,'Data Mining',3,NULL,0),(2430,'Distributed Systems',3,NULL,0),(2431,'Nanoelectronics For Computing',3,NULL,0),(2432,'Computational Science (physics/chemistry)',3,NULL,0),(2433,'Meta Search',3,NULL,0),(2434,'Digital Libraries',3,NULL,0),(2435,'E-commerce',3,NULL,0),(2436,'Computer Graphics',3,NULL,0),(2437,'Medical Data Processing',3,NULL,0),(2438,'Complexity Reduction And Abstraction',3,NULL,0),(2439,'Transactions Processing',3,NULL,0),(2440,'Computational Biology',3,NULL,0),(2441,'Mobile Computing',3,NULL,0),(2442,'Vlsi',3,NULL,0),(2443,'Machine Translation',3,NULL,0),(2444,'E3',3,NULL,0),(2445,'Electromagnetic Environmental Effects',3,NULL,0),(2446,'Hardened Facilities',3,NULL,0),(2447,'Autonomous Action',3,NULL,0),(2448,'Spacecraft',3,NULL,0),(2449,'Intentional Emi',3,NULL,0),(2450,'Ground Mapping',3,NULL,0),(2451,'Fixed Targets',3,NULL,0),(2452,'Nuclear',3,NULL,0),(2453,'Offensive Weaponry',3,NULL,0),(2454,'Delivery Mechanisms',3,NULL,0),(2455,'Nano Technology',3,NULL,0),(2456,'Military Vehicles',3,NULL,0),(2457,'Moving Targets',3,NULL,0),(2458,'Trojan Horse',3,NULL,0),(2459,'Military Computing',3,NULL,0),(2460,'Virus',3,NULL,0),(2461,'Integrated Weapons & Communications',3,NULL,0),(2462,'Gavs',3,NULL,0),(2463,'Space Radiation',3,NULL,0),(2464,'Cybersecurity',3,NULL,0),(2465,'Conops',3,NULL,0),(2466,'Computer Weapons',3,NULL,0),(2467,'Worm',3,NULL,0),(2468,'Vehicular Control',3,NULL,0),(2469,'Electromagnetic Pulse',3,NULL,0),(2470,'Anticipating The Enemy',3,NULL,0),(2471,'Lightweight Aircraft',3,NULL,0),(2472,'Marine Electronics',3,NULL,0),(2473,'Human Resources',3,NULL,0),(2474,'Autonomous',3,NULL,0),(2475,'Electromagnetic Survivability',3,NULL,0),(2476,'Arms Safing',3,NULL,0),(2477,'Tunable/reconfigurable Electronics',3,NULL,0),(2478,'Defensive Weaponry',3,NULL,0),(2479,'C3i',3,NULL,0),(2480,'Electronic Burnout',3,NULL,0),(2481,'Mission Planning',3,NULL,0),(2482,'Auv\'s',3,NULL,0),(2483,'Post-secondary',3,NULL,0),(2484,'Self Education',3,NULL,0),(2485,'Remote Learning',3,NULL,0),(2486,'Pre-university',3,NULL,0),(2487,'Life Long Learning',3,NULL,0),(2488,'Connexions',3,NULL,0),(2489,'Presentation',3,NULL,0),(2490,'Optimized Content',3,NULL,0),(2491,'Professional Development',3,NULL,0),(2492,'Software Engineering Curricula',3,NULL,0),(2493,'Multicultural',3,NULL,0),(2494,'Management Training',3,NULL,0),(2495,'Computing Curricula',3,NULL,0),(2496,'Student Outreach',3,NULL,0),(2497,'Secondary',3,NULL,0),(2498,'Ai',3,NULL,0),(2499,'On-the-job',3,NULL,0),(2500,'Continuing',3,NULL,0),(2501,'Hands On',3,NULL,0),(2502,'Mentoring',3,NULL,0),(2503,'Tutoring',3,NULL,0),(2504,'Workshops',3,NULL,0),(2505,'Accreditation',3,NULL,0),(2506,'Capital Hedge Risk',3,NULL,0),(2507,'Cable',3,NULL,0),(2508,'Standardization',3,NULL,0),(2509,'Relay',3,NULL,0),(2510,'Finance',3,NULL,0),(2511,'Protection',3,NULL,0),(2512,'Conservation',3,NULL,0),(2513,'Mining',3,NULL,0),(2514,'Asset',3,NULL,0),(2515,'Components',3,NULL,0),(2516,'Materials',3,NULL,0),(2517,'Electronic',3,NULL,0),(2518,'Substations',3,NULL,0),(2519,'Dielectrics',3,NULL,0),(2520,'Dc',3,NULL,0),(2521,'Adaptive Distribution',3,NULL,0),(2522,'On_chip',3,NULL,0),(2523,'Electric',3,NULL,0),(2524,'Superconductivity',3,NULL,0),(2525,'Induction',3,NULL,0),(2526,'Gas',3,NULL,0),(2527,'Hydrodynamic',3,NULL,0),(2528,'Market',3,NULL,0),(2529,'Piezoelectric',3,NULL,0),(2530,'Construction',3,NULL,0),(2531,'Magnet',3,NULL,0),(2532,'Connector',3,NULL,0),(2533,'Condition_assessment',3,NULL,0),(2534,'Computational',3,NULL,0),(2535,'Lead-acid',3,NULL,0),(2536,'Carbon_free',3,NULL,0),(2537,'Installation',3,NULL,0),(2538,'Grid',3,NULL,0),(2539,'Conversion',3,NULL,0),(2540,'Stability',3,NULL,0),(2541,'Applications',3,NULL,0),(2542,'Generation',3,NULL,0),(2543,'Dynamic',3,NULL,0),(2544,'Forecasting',3,NULL,0),(2545,'Current',3,NULL,0),(2546,'Linear',3,NULL,0),(2547,'Supply-side',3,NULL,0),(2548,'Resources',3,NULL,0),(2549,'Regulation',3,NULL,0),(2550,'Pricing',3,NULL,0),(2551,'Operation',3,NULL,0),(2552,'Efficiency',3,NULL,0),(2553,'Planning',3,NULL,0),(2554,'Wiring',3,NULL,0),(2555,'Line',3,NULL,0),(2556,'Frequency',3,NULL,0),(2557,'Industrial',3,NULL,0),(2558,'Management',3,NULL,0),(2559,'Residential',3,NULL,0),(2560,'Controls',3,NULL,0),(2561,'Shielding',3,NULL,0),(2562,'Solar',3,NULL,0),(2563,'Aging Workforce',3,NULL,0),(2564,'Stator',3,NULL,0),(2565,'Policy',3,NULL,0),(2566,'Distribution',3,NULL,0),(2567,'Automation',3,NULL,0),(2568,'Submarine',3,NULL,0),(2569,'Seismic',3,NULL,0),(2570,'Insulation',3,NULL,0),(2571,'Voltage',3,NULL,0),(2572,'Commissioning',3,NULL,0),(2573,'Switching',3,NULL,0),(2574,'Congestion',3,NULL,0),(2575,'Black_out',3,NULL,0),(2576,'Generators',3,NULL,0),(2577,'Demand',3,NULL,0),(2578,'Commercial',3,NULL,0),(2579,'Quality',3,NULL,0),(2580,'Poles',3,NULL,0),(2581,'Scalability',3,NULL,0),(2582,'Intelligent Infrastructure',3,NULL,0),(2583,'Optimal Transport',3,NULL,0),(2584,'Control_systems',3,NULL,0),(2585,'Demand-side',3,NULL,0),(2586,'Electro-mechanical',3,NULL,0),(2587,'Capacity_planning',3,NULL,0),(2588,'Machines',3,NULL,0),(2589,'Motor',3,NULL,0),(2590,'Conductors',3,NULL,0),(2591,'Exploration',3,NULL,0),(2592,'Economics',3,NULL,0),(2593,'Hydro',3,NULL,0),(2594,'Fossil',3,NULL,0),(2595,'Delivery Modes',3,NULL,0),(2596,'Cable Tv',3,NULL,0),(2597,'Immersive Games',3,NULL,0),(2598,'Development Cost',3,NULL,0),(2599,'Animation',3,NULL,0),(2600,'Podcasting',3,NULL,0),(2601,'Music On Demand',3,NULL,0),(2602,'Gaming',3,NULL,0),(2603,'Delivery Cost',3,NULL,0),(2604,'Digital Books',3,NULL,0),(2605,'Avatars',3,NULL,0),(2606,'Digital Tv',3,NULL,0),(2607,'Digital Home',3,NULL,0),(2608,'Casual Games',3,NULL,0),(2609,'Expense',3,NULL,0),(2610,'Ultra High Definition Tv',3,NULL,0),(2611,'Dtv Transition',3,NULL,0),(2612,'Statistics',3,NULL,0),(2613,'Gas Detection',3,NULL,0),(2614,'Climate Change',3,NULL,0),(2615,'Disaster Planning',3,NULL,0),(2616,'Regulatory Approvals',3,NULL,0),(2617,'Biological Sciences',3,NULL,0),(2618,'Water Pollution',3,NULL,0),(2619,'Climate',3,NULL,0),(2620,'Noise Pollution',3,NULL,0),(2621,'Volcanos',3,NULL,0),(2622,'Cyberattack',3,NULL,0),(2623,'Pandemic Prevention',3,NULL,0),(2624,'Power Generation',3,NULL,0),(2625,'Pollution Control',3,NULL,0),(2626,'Cosmic Events',3,NULL,0),(2627,'Coal Burning',3,NULL,0),(2628,'Nanosensors',3,NULL,0),(2629,'Ecoinformatics',3,NULL,0),(2630,'Biohazards',3,NULL,0),(2631,'Power Transmission',3,NULL,0),(2632,'Natural Disaster',3,NULL,0),(2633,'Pollution Mitigation',3,NULL,0),(2634,'Wide Area Reliability',3,NULL,0),(2635,'Mortgage',3,NULL,0),(2636,'Markets',3,NULL,0),(2637,'Credit',3,NULL,0),(2638,'Trading',3,NULL,0),(2639,'Banking',3,NULL,0),(2640,'Computer Assisted Medical Decision Making',3,NULL,0),(2641,'Speed Of New Technology',3,NULL,0),(2642,'Water',3,NULL,0),(2643,'Viruses',3,NULL,0),(2644,'Point Of Care Diagnostics',3,NULL,0),(2645,'Us Vs World',3,NULL,0),(2646,'Telemedicine',3,NULL,0),(2647,'Emergency Response',3,NULL,0),(2648,'Affordability',3,NULL,0),(2649,'Biomems',3,NULL,0),(2650,'Financing',3,NULL,0),(2651,'Electronics Reliability In The Body',3,NULL,0),(2652,'Low Cost Diagnostics',3,NULL,0),(2653,'Human-machine Interface',3,NULL,0),(2654,'Rehabilitation Engineering',3,NULL,0),(2655,'Assessment',3,NULL,0),(2656,'Pandemics',3,NULL,0),(2657,'Body As A Network',3,NULL,0),(2658,'Human-robot Interaction',3,NULL,0),(2659,'Drug Design',3,NULL,0),(2660,'Artificial Organs',3,NULL,0),(2661,'Social And Ethical Issues',3,NULL,0),(2662,'Human Centered',3,NULL,0),(2663,'Training',3,NULL,0),(2664,'Access',3,NULL,0),(2665,'Longer Lifetime Implants',3,NULL,0),(2666,'Public',3,NULL,0),(2667,'Self Aware Health Systems',3,NULL,0),(2668,'Healthcare Systems Effects',3,NULL,0),(2669,'Healthcare Mgmt',3,NULL,0),(2670,'Air',3,NULL,0),(2671,'Private',3,NULL,0),(2672,'Evidence Based Medicine',3,NULL,0),(2673,'Pharmaceuticals',3,NULL,0),(2674,'Food',3,NULL,0),(2675,'System-of-systems',3,NULL,0),(2676,'Agency Cooperation',3,NULL,0),(2677,'Artificial Limbs',3,NULL,0),(2678,'Diagnosis',3,NULL,0),(2679,'Bioclinical Monitoring',3,NULL,0),(2680,'Inclusion',3,NULL,0),(2681,'Data Privacy',3,NULL,0),(2682,'Higher Functionality Implants',3,NULL,0),(2683,'Pollutants',3,NULL,0),(2684,'Parasites',3,NULL,0),(2685,'Cultural Aspects Of Health',3,NULL,0),(2686,'Traceability',3,NULL,0),(2687,'Health Toys',3,NULL,0),(2688,'Operator Stations',3,NULL,0),(2689,'Scada',3,NULL,0),(2690,'System Architecture For Automation Manufacturing',3,NULL,0),(2691,'Pulp And Paper',3,NULL,0),(2692,'Manufacturing Standards',3,NULL,0),(2693,'Human Resources Needs',3,NULL,0),(2694,'Defects',3,NULL,0),(2695,'Nanofabrication Technologies',3,NULL,0),(2696,'3d Integration',3,NULL,0),(2697,'Embedded Intelligence',3,NULL,0),(2698,'Imprinting Cables',3,NULL,0),(2699,'Gaining Commitment',3,NULL,0),(2700,'Contamination Control',3,NULL,0),(2701,'Displays',3,NULL,0),(2702,'Defining Purpose',3,NULL,0),(2703,'One Product',3,NULL,0),(2704,'Financial Resources',3,NULL,0),(2705,'Life Cycle',3,NULL,0),(2706,'Communication Networks For Manufacturing Plants',3,NULL,0),(2707,'Control And Optimization Algorithm',3,NULL,0),(2708,'Refining',3,NULL,0),(2709,'Cycle Time',3,NULL,0),(2710,'Culture',3,NULL,0),(2711,'Time To Market',3,NULL,0),(2712,'Productivity',3,NULL,0),(2713,'Consumer Products',3,NULL,0),(2714,'Returns',3,NULL,0),(2715,'Petrochem',3,NULL,0),(2716,'Supply Chain Integration',3,NULL,0),(2717,'Process Automation Systems',3,NULL,0),(2718,'Management Functions',3,NULL,0),(2719,'Management Capability',3,NULL,0),(2720,'Phase Out',3,NULL,0),(2721,'Throughput Or Production Rate',3,NULL,0),(2722,'Liability',3,NULL,0),(2723,'Chemicals',3,NULL,0),(2724,'Enterprise Optimatization',3,NULL,0),(2725,'Customer Expectations',3,NULL,0),(2726,'Low Cost',3,NULL,0),(2727,'Volume',3,NULL,0),(2728,'Dcss',3,NULL,0),(2729,'Solar Cells',3,NULL,0),(2730,'Discrete And Continuus Manufacturing Sectors',3,NULL,0),(2731,'Continuous Process Control',3,NULL,0),(2732,'Discrete-event And Sequence Control',3,NULL,0),(2733,'Inventory Control',3,NULL,0),(2734,'Secure Coding (counterfeiting Avoidance)',3,NULL,0),(2735,'Counterfeiting',3,NULL,0),(2736,'Tampering',3,NULL,0),(2737,'Delivery',3,NULL,0),(2738,'Demand Projection',3,NULL,0),(2739,'Environmental Protection',3,NULL,0),(2740,'Alternate Fuel',3,NULL,0),(2741,'Ladar/lidar',3,NULL,0),(2742,'Shipping',3,NULL,0),(2743,'Space Commercialization',3,NULL,0),(2744,'Congestion Management',3,NULL,0),(2745,'Alternate Propulsion',3,NULL,0),(2746,'Vehicle And Cargo Locations',3,NULL,0),(2747,'Disaster Prediction',3,NULL,0),(2748,'Sustainment Of Commerce',3,NULL,0),(2749,'Rapid Response',3,NULL,0),(2750,'Response Systems',3,NULL,0),(2751,'Sustainment Of Life',3,NULL,0),(2752,'Analytics',3,NULL,0),(2753,'Threat Recognition',3,NULL,0),(2754,'Self Aware Systems',3,NULL,0),(2755,'Rescue Systems',3,NULL,0),(2756,'Terrorism',3,NULL,0),(2757,'Shelter',3,NULL,0),(2758,'Nourishment',3,NULL,0),(2759,'Capacity Building',3,NULL,0),(2760,'Safe Wkshp',3,NULL,0),(2761,'Energy',3,NULL,0),(2762,'Service Systems',3,NULL,0),(2763,'Emergency Preparedness',3,NULL,0),(2764,'Data Analysis',3,NULL,0),(2765,'Resource Prioritization',3,NULL,0),(2766,'Resilience',3,NULL,0),(2767,'First Responders',3,NULL,0),(2768,'Sanitation',3,NULL,0);
/*!40000 ALTER TABLE `ieeetags_node` ENABLE KEYS */;
UNLOCK TABLES;

--
-- Table structure for table `ieeetags_node_filters`
--

DROP TABLE IF EXISTS `ieeetags_node_filters`;
SET @saved_cs_client     = @@character_set_client;
SET character_set_client = utf8;
CREATE TABLE `ieeetags_node_filters` (
  `id` int(11) NOT NULL auto_increment,
  `node_id` int(11) NOT NULL,
  `filter_id` int(11) NOT NULL,
  PRIMARY KEY  (`id`),
  UNIQUE KEY `node_id` (`node_id`,`filter_id`),
  KEY `filter_id_refs_id_1340c915` (`filter_id`),
  CONSTRAINT `filter_id_refs_id_1340c915` FOREIGN KEY (`filter_id`) REFERENCES `ieeetags_filter` (`id`),
  CONSTRAINT `node_id_refs_id_2d5d995f` FOREIGN KEY (`node_id`) REFERENCES `ieeetags_node` (`id`)
) ENGINE=InnoDB AUTO_INCREMENT=121 DEFAULT CHARSET=latin1;
SET character_set_client = @saved_cs_client;

--
-- Dumping data for table `ieeetags_node_filters`
--

LOCK TABLES `ieeetags_node_filters` WRITE;
/*!40000 ALTER TABLE `ieeetags_node_filters` DISABLE KEYS */;
INSERT INTO `ieeetags_node_filters` VALUES (61,1,1),(62,1,2),(63,1,3),(64,1,4),(65,2,1),(66,2,2),(67,2,3),(68,2,4),(69,3,1),(70,3,2),(71,3,3),(72,3,4),(73,4,1),(74,4,2),(75,4,3),(76,4,4),(77,5,1),(78,5,2),(79,5,3),(80,5,4),(81,6,1),(82,6,2),(83,6,3),(84,6,4),(85,7,1),(86,7,2),(87,7,3),(88,7,4),(89,8,1),(90,8,2),(91,8,3),(92,8,4),(93,9,1),(94,9,2),(95,9,3),(96,9,4),(97,10,1),(98,10,2),(99,10,3),(100,10,4),(101,11,1),(102,11,2),(103,11,3),(104,11,4),(105,12,1),(106,12,2),(107,12,3),(108,12,4),(109,13,1),(110,13,2),(111,13,3),(112,13,4),(113,14,1),(114,14,2),(115,14,3),(116,14,4),(117,15,1),(118,15,2),(119,15,3),(120,15,4);
/*!40000 ALTER TABLE `ieeetags_node_filters` ENABLE KEYS */;
UNLOCK TABLES;

--
-- Table structure for table `ieeetags_node_parents`
--

DROP TABLE IF EXISTS `ieeetags_node_parents`;
SET @saved_cs_client     = @@character_set_client;
SET character_set_client = utf8;
CREATE TABLE `ieeetags_node_parents` (
  `id` int(11) NOT NULL auto_increment,
  `from_node_id` int(11) NOT NULL,
  `to_node_id` int(11) NOT NULL,
  PRIMARY KEY  (`id`),
  UNIQUE KEY `from_node_id` (`from_node_id`,`to_node_id`),
  KEY `to_node_id_refs_id_304469d3` (`to_node_id`),
  CONSTRAINT `to_node_id_refs_id_304469d3` FOREIGN KEY (`to_node_id`) REFERENCES `ieeetags_node` (`id`),
  CONSTRAINT `from_node_id_refs_id_304469d3` FOREIGN KEY (`from_node_id`) REFERENCES `ieeetags_node` (`id`)
) ENGINE=InnoDB AUTO_INCREMENT=5189 DEFAULT CHARSET=latin1;
SET character_set_client = @saved_cs_client;

--
-- Dumping data for table `ieeetags_node_parents`
--

LOCK TABLES `ieeetags_node_parents` WRITE;
/*!40000 ALTER TABLE `ieeetags_node_parents` DISABLE KEYS */;
INSERT INTO `ieeetags_node_parents` VALUES (15,2,1),(16,3,1),(17,4,1),(18,5,1),(19,6,1),(20,7,1),(21,8,1),(22,9,1),(23,10,1),(24,11,1),(25,12,1),(26,13,1),(27,14,1),(28,15,1),(3940,740,9),(3989,741,2),(4024,742,4),(4850,743,8),(4505,744,3),(4133,745,14),(3943,746,5),(5115,747,15),(4107,748,13),(942,749,7),(943,750,4),(944,751,4),(945,752,4),(946,753,4),(947,754,2),(948,755,2),(949,756,3),(950,757,3),(951,758,3),(952,759,3),(953,760,3),(3211,761,4),(955,762,3),(956,763,3),(957,764,3),(958,765,3),(959,766,3),(960,767,3),(961,768,3),(3020,769,7),(963,770,3),(964,771,3),(965,772,3),(966,773,3),(967,774,3),(968,775,6),(3227,776,15),(4400,777,10),(971,778,15),(972,779,15),(973,780,15),(974,781,15),(975,782,15),(4706,783,6),(977,784,15),(978,785,15),(979,786,15),(980,787,15),(981,788,15),(982,789,15),(1029,790,9),(984,791,14),(1006,792,12),(986,793,14),(987,794,14),(4411,795,14),(4406,796,13),(990,797,13),(3947,798,8),(992,799,13),(1977,800,13),(994,801,13),(1087,802,8),(996,803,13),(997,804,13),(998,805,13),(3098,806,12),(1000,807,12),(1001,808,12),(1002,809,12),(1003,810,12),(1004,811,12),(1050,812,5),(1007,813,12),(1008,814,12),(1035,815,7),(1010,816,11),(1011,817,10),(1014,818,10),(1015,819,10),(1048,820,6),(3907,821,8),(1018,822,9),(1019,823,9),(1808,824,13),(1021,825,9),(1022,826,9),(4950,827,12),(1024,828,9),(1025,829,9),(3240,830,15),(1027,831,9),(1028,832,9),(1030,833,9),(1032,834,9),(1084,835,8),(1034,836,7),(1036,837,6),(1037,838,6),(1039,839,6),(1040,840,6),(1041,841,6),(1042,842,6),(3232,843,15),(1044,844,6),(1045,845,6),(1046,846,6),(1047,847,6),(1054,848,4),(1051,849,5),(1052,850,5),(1053,851,5),(1055,852,4),(1057,853,3),(1058,854,8),(1059,855,8),(1060,856,8),(5129,857,15),(1062,858,8),(1063,859,8),(1075,860,3),(1065,861,6),(1066,862,6),(1067,863,6),(1068,864,6),(1073,865,4),(1074,866,4),(4802,867,8),(1078,868,3),(1079,869,3),(1080,870,8),(1081,871,8),(4817,872,8),(1083,873,8),(5185,874,6),(3100,875,8),(1088,876,8),(1089,877,8),(1090,878,8),(1372,879,8),(1928,880,15),(5137,881,15),(4487,882,3),(1102,883,3),(4546,884,4),(1106,885,6),(1107,886,6),(1108,887,6),(1109,888,13),(1110,889,13),(3905,890,6),(4555,891,4),(4608,892,4),(4576,893,4),(4054,894,8),(4580,895,4),(1117,896,7),(3389,897,9),(5188,898,14),(4378,899,13),(4332,900,9),(4879,901,9),(4379,902,13),(5038,903,13),(4592,904,4),(4318,905,8),(5178,906,5),(4377,907,13),(4783,908,8),(4244,909,4),(4558,910,4),(4827,911,8),(4220,912,3),(4373,913,13),(4539,914,4),(4542,915,4),(4609,916,4),(4917,917,10),(4180,918,6),(4299,919,6),(1145,920,4),(1146,921,4),(2975,922,15),(1148,923,4),(1149,924,4),(1150,925,4),(1151,926,4),(1152,927,4),(1153,928,4),(1154,929,4),(4578,930,4),(1156,931,4),(1157,932,4),(1158,933,4),(1159,934,4),(1160,935,4),(1161,936,4),(1162,937,4),(1163,938,4),(1164,939,4),(4896,940,9),(4587,941,4),(1167,942,4),(1168,943,4),(4999,944,12),(1170,945,4),(5150,946,5),(4572,947,4),(1173,948,4),(1174,949,4),(1175,950,4),(1176,951,4),(1177,952,4),(1178,953,4),(1179,954,4),(1180,955,4),(1181,956,4),(4755,957,8),(1378,958,6),(2961,959,3),(1185,960,4),(1186,961,4),(1187,962,4),(1188,963,4),(1189,964,4),(1190,965,4),(1191,966,4),(1337,967,9),(4891,968,9),(4902,969,9),(5154,970,5),(1197,971,4),(4636,972,6),(1210,973,4),(2729,974,15),(1201,975,4),(1202,976,4),(1203,977,4),(1205,978,4),(1206,979,4),(1207,980,4),(1208,981,4),(1209,982,4),(1212,983,4),(1213,984,4),(1214,985,4),(1215,986,4),(1216,987,4),(1217,988,4),(5163,989,5),(3258,990,4),(1220,991,4),(1221,992,4),(4800,993,8),(4506,994,3),(1224,995,4),(4678,996,6),(1226,997,4),(4871,998,8),(1228,999,4),(1229,1000,4),(1230,1001,4),(1231,1002,4),(3099,1003,12),(1233,1004,4),(1234,1005,4),(1235,1006,4),(1236,1007,4),(1237,1008,4),(4908,1009,10),(3062,1010,4),(3204,1011,3),(2962,1012,3),(1242,1013,4),(4885,1014,9),(1244,1015,4),(4793,1016,8),(1246,1017,4),(4766,1018,8),(1248,1019,4),(4611,1020,4),(1250,1021,4),(5034,1022,13),(1252,1023,4),(3273,1024,4),(1254,1025,6),(4837,1026,8),(1257,1027,4),(1258,1028,8),(1259,1029,12),(1260,1030,8),(1261,1031,8),(1262,1032,8),(1263,1033,8),(1265,1034,12),(1266,1035,12),(1268,1036,12),(1269,1037,12),(1779,1038,13),(4677,1039,6),(5113,1040,15),(5131,1041,15),(5149,1042,5),(5027,1043,12),(5179,1044,5),(4640,1045,6),(5128,1046,15),(5100,1047,13),(5136,1048,15),(5138,1049,15),(1290,1050,15),(1291,1051,15),(1807,1052,15),(1297,1053,8),(1294,1054,15),(1295,1055,15),(4658,1056,6),(5173,1057,5),(1312,1058,3),(5126,1059,15),(4666,1060,6),(4983,1061,12),(3748,1062,3),(5170,1063,5),(4523,1064,3),(1308,1065,3),(1309,1066,3),(1944,1067,13),(3410,1068,3),(1313,1069,3),(1314,1070,3),(4500,1071,3),(3980,1072,12),(4958,1073,12),(4404,1074,13),(4196,1075,9),(4497,1076,3),(4534,1077,3),(4501,1078,3),(4509,1079,3),(5159,1080,5),(5051,1081,13),(4573,1082,4),(4493,1083,3),(4498,1084,3),(4598,1085,4),(4230,1086,10),(4872,1087,9),(4892,1088,9),(1334,1089,9),(1335,1090,9),(4612,1091,4),(4985,1092,12),(4563,1093,4),(5012,1094,12),(4700,1095,6),(4073,1096,11),(5184,1097,5),(4569,1098,4),(5101,1099,14),(5169,1100,5),(1352,1101,4),(3979,1102,12),(3633,1103,6),(5063,1104,13),(3644,1105,6),(4034,1106,7),(1359,1107,12),(1360,1108,12),(1361,1109,12),(1362,1110,12),(1363,1111,12),(1364,1112,12),(1365,1113,12),(1366,1114,12),(1367,1115,12),(4997,1116,12),(4992,1117,12),(4707,1118,6),(4860,1119,8),(3626,1120,6),(1374,1121,6),(1375,1122,6),(1376,1123,6),(1377,1124,6),(1379,1125,6),(1380,1126,6),(1961,1127,13),(1382,1128,6),(1383,1129,6),(1384,1130,6),(1385,1131,6),(1386,1132,6),(1387,1133,6),(1388,1134,6),(1389,1135,6),(1390,1136,6),(1391,1137,6),(1392,1138,6),(4703,1139,6),(4635,1140,6),(4672,1141,6),(4676,1142,6),(4632,1143,6),(4624,1144,6),(5186,1145,6),(4634,1146,6),(4675,1147,6),(3432,1148,6),(1404,1149,6),(1405,1150,6),(1406,1151,6),(1407,1152,6),(1408,1153,6),(3978,1154,12),(1410,1155,3),(1411,1156,3),(2700,1157,15),(1413,1158,3),(1414,1159,3),(3735,1160,3),(4882,1161,9),(4528,1162,3),(4533,1163,3),(4511,1164,3),(4535,1165,3),(3747,1166,3),(5141,1167,5),(3562,1168,12),(3751,1169,3),(4895,1170,9),(4252,1171,12),(5006,1172,12),(5092,1173,13),(4952,1174,12),(4405,1175,13),(1441,1176,12),(1442,1177,12),(1443,1178,12),(1444,1179,12),(1445,1180,12),(1446,1181,12),(1447,1182,12),(1448,1183,12),(4652,1184,6),(1452,1185,6),(1453,1186,6),(1454,1187,6),(4933,1188,10),(1456,1189,5),(4567,1190,4),(1458,1191,4),(1459,1192,4),(1463,1193,3),(1464,1194,3),(1465,1195,3),(4602,1196,4),(4552,1197,4),(1468,1198,4),(1469,1199,4),(3205,1200,3),(4694,1201,6),(1472,1202,13),(1473,1203,13),(1474,1204,13),(1475,1205,13),(1476,1206,13),(1477,1207,13),(1478,1208,13),(1479,1209,13),(1480,1210,13),(1481,1211,13),(1482,1212,13),(1483,1213,13),(1484,1214,13),(1493,1215,3),(1494,1216,3),(1495,1217,3),(1496,1218,3),(1497,1219,3),(1498,1220,3),(1499,1221,3),(1500,1222,3),(4537,1223,3),(1525,1224,3),(1526,1225,3),(1527,1226,3),(3202,1227,3),(1529,1228,3),(1530,1229,3),(1531,1230,3),(1532,1231,3),(1533,1232,3),(1534,1233,3),(1535,1234,3),(1536,1235,3),(1537,1236,3),(1538,1237,3),(1539,1238,3),(1540,1239,3),(1541,1240,3),(1542,1241,3),(1543,1242,3),(1544,1243,3),(1545,1244,3),(1546,1245,3),(1547,1246,13),(1548,1247,13),(1549,1248,13),(1550,1249,13),(1551,1250,13),(1552,1251,13),(1553,1252,13),(1554,1253,13),(1555,1254,13),(1556,1255,13),(1557,1256,13),(4596,1257,4),(1559,1258,13),(1560,1259,13),(1561,1260,13),(1562,1261,13),(1563,1262,13),(1564,1263,13),(1565,1264,13),(1566,1265,13),(1567,1266,13),(1568,1267,13),(1569,1268,13),(1570,1269,13),(1571,1270,13),(1572,1271,13),(1573,1272,13),(1574,1273,13),(1575,1274,13),(1585,1275,3),(1586,1276,3),(1587,1277,3),(4631,1278,6),(1589,1279,3),(1590,1280,3),(1591,1281,3),(1592,1282,3),(1593,1283,3),(1594,1284,13),(1595,1285,13),(1596,1286,13),(1597,1287,13),(1598,1288,13),(1599,1289,13),(1600,1290,13),(1601,1291,13),(1602,1292,13),(1603,1293,13),(1604,1294,13),(1605,1295,13),(1606,1296,13),(1607,1297,13),(1608,1298,13),(1609,1299,13),(1610,1300,13),(1611,1301,13),(1612,1302,13),(1613,1303,13),(1614,1304,13),(1615,1305,13),(1616,1306,13),(1617,1307,13),(1618,1308,13),(1619,1309,13),(1620,1310,13),(1621,1311,12),(1622,1312,12),(1623,1313,13),(1624,1314,13),(1625,1315,13),(1626,1316,13),(1627,1317,13),(1628,1318,13),(1629,1319,13),(1630,1320,13),(1631,1321,13),(1632,1322,13),(1633,1323,13),(1634,1324,13),(1635,1325,13),(1636,1326,13),(1637,1327,13),(1638,1328,13),(1639,1329,13),(1640,1330,13),(1641,1331,13),(1642,1332,13),(1643,1333,13),(1644,1334,13),(1645,1335,13),(1646,1336,13),(1647,1337,13),(1648,1338,13),(1649,1339,13),(1650,1340,13),(1651,1341,13),(1652,1342,13),(1653,1343,13),(1654,1344,13),(1655,1345,13),(1656,1346,13),(1657,1347,13),(1658,1348,13),(1660,1349,13),(1661,1350,13),(1662,1351,13),(1663,1352,13),(1664,1353,13),(1665,1354,13),(1666,1355,13),(1667,1356,13),(1668,1357,13),(1669,1358,13),(1670,1359,13),(1671,1360,13),(1672,1361,13),(1673,1362,13),(1674,1363,13),(1675,1364,13),(1676,1365,13),(1677,1366,13),(1678,1367,13),(1679,1368,13),(3949,1369,8),(1681,1370,13),(1682,1371,13),(1683,1372,13),(1684,1373,13),(1685,1374,13),(1686,1375,13),(1687,1376,13),(1688,1377,13),(1689,1378,13),(1690,1379,13),(1691,1380,13),(1692,1381,13),(1693,1382,13),(1694,1383,13),(1695,1384,13),(1696,1385,13),(1697,1386,13),(1698,1387,13),(1699,1388,13),(1700,1389,13),(1701,1390,13),(1702,1391,13),(1703,1392,13),(1704,1393,13),(1705,1394,13),(1706,1395,13),(1707,1396,13),(1708,1397,13),(1709,1398,13),(1710,1399,13),(1711,1400,13),(1712,1401,13),(1713,1402,13),(1714,1403,13),(1715,1404,13),(1716,1405,13),(1717,1406,13),(1718,1407,13),(1719,1408,13),(1720,1409,13),(1721,1410,13),(1722,1411,13),(1723,1412,13),(1724,1413,13),(1725,1414,13),(1726,1415,13),(1727,1416,13),(1728,1417,13),(1729,1418,13),(1730,1419,13),(1731,1420,13),(1732,1421,13),(1733,1422,13),(1734,1423,13),(1735,1424,13),(1736,1425,13),(1737,1426,3),(1738,1427,3),(1739,1428,3),(1740,1429,3),(1741,1430,3),(1742,1431,3),(1743,1432,3),(1744,1433,3),(1745,1434,3),(1746,1435,3),(1747,1436,3),(1749,1437,13),(1750,1438,13),(1751,1439,13),(1752,1440,13),(1753,1441,13),(1754,1442,13),(1755,1443,13),(1756,1444,13),(1757,1445,13),(1758,1446,13),(1759,1447,13),(1760,1448,13),(1761,1449,13),(1762,1450,13),(1763,1451,13),(1764,1452,13),(1765,1453,13),(1766,1454,13),(1767,1455,13),(1768,1456,13),(1769,1457,13),(1770,1458,13),(1771,1459,13),(1772,1460,13),(1773,1461,13),(1774,1462,13),(1775,1463,13),(1776,1464,13),(1777,1465,13),(1778,1466,13),(1780,1467,13),(2738,1468,15),(1782,1469,13),(2740,1470,15),(1784,1471,13),(1785,1472,13),(1786,1473,13),(1787,1474,13),(1788,1475,13),(1789,1476,13),(1790,1477,13),(1791,1478,13),(1792,1479,13),(1793,1480,13),(1794,1481,13),(1795,1482,13),(1796,1483,13),(1797,1484,13),(1798,1485,13),(1799,1486,13),(1800,1487,13),(1801,1488,13),(1802,1489,13),(1832,1490,13),(1829,1491,13),(1805,1492,15),(1806,1493,15),(1809,1494,13),(1810,1495,13),(1811,1496,13),(1812,1497,13),(1813,1498,13),(1814,1499,13),(1815,1500,13),(1816,1501,13),(1817,1502,13),(1818,1503,13),(1819,1504,13),(1820,1505,13),(1821,1506,13),(1822,1507,13),(1823,1508,13),(1824,1509,13),(1825,1510,13),(1826,1511,13),(1827,1512,13),(1828,1513,13),(1830,1514,13),(1831,1515,13),(1833,1516,13),(1834,1517,13),(1835,1518,13),(1836,1519,13),(1837,1520,13),(1838,1521,13),(1839,1522,13),(1840,1523,13),(1841,1524,13),(1842,1525,13),(1843,1526,13),(1844,1527,13),(1845,1528,13),(1846,1529,13),(1847,1530,13),(1848,1531,13),(1849,1532,13),(1850,1533,13),(1851,1534,13),(1852,1535,13),(1853,1536,13),(1854,1537,13),(1855,1538,13),(1856,1539,13),(1857,1540,13),(1858,1541,13),(1859,1542,13),(1860,1543,13),(1861,1544,13),(1862,1545,13),(1863,1546,13),(1864,1547,13),(1865,1548,13),(1866,1549,13),(1867,1550,13),(1868,1551,13),(1869,1552,13),(1870,1553,13),(1871,1554,13),(1873,1555,13),(1874,1556,13),(1875,1557,13),(1876,1558,13),(1877,1559,13),(1878,1560,13),(1879,1561,13),(1880,1562,13),(1881,1563,13),(1882,1564,13),(1883,1565,13),(1884,1566,13),(1885,1567,13),(1886,1568,13),(1887,1569,13),(1888,1570,13),(1889,1571,13),(1890,1572,13),(1891,1573,13),(1892,1574,13),(1893,1575,13),(1894,1576,13),(1895,1577,13),(1896,1578,13),(1897,1579,13),(1898,1580,13),(1899,1581,13),(1900,1582,13),(1901,1583,13),(1902,1584,13),(1903,1585,13),(1904,1586,13),(1905,1587,13),(1906,1588,13),(1907,1589,13),(1908,1590,13),(1909,1591,13),(1910,1592,13),(1911,1593,13),(1912,1594,13),(1913,1595,13),(1914,1596,13),(1915,1597,13),(1916,1598,13),(1917,1599,13),(1918,1600,13),(1919,1601,13),(1920,1602,13),(1921,1603,13),(1922,1604,13),(1923,1605,13),(1924,1606,13),(1925,1607,13),(1926,1608,10),(1927,1609,15),(1929,1610,15),(1930,1611,13),(1931,1612,13),(1932,1613,13),(1933,1614,13),(1934,1615,13),(1935,1616,13),(1936,1617,13),(1937,1618,13),(1938,1619,13),(1939,1620,13),(1940,1621,13),(1941,1622,13),(1942,1623,13),(1943,1624,13),(1945,1625,13),(3755,1626,3),(1947,1627,13),(1948,1628,13),(1949,1629,13),(1950,1630,13),(1951,1631,13),(1952,1632,13),(1953,1633,13),(1954,1634,13),(1955,1635,13),(1956,1636,13),(1957,1637,13),(1958,1638,13),(1959,1639,13),(1960,1640,13),(1962,1641,13),(1963,1642,13),(1964,1643,13),(3743,1644,3),(1966,1645,13),(1967,1646,13),(1968,1647,13),(2764,1648,15),(1970,1649,13),(1971,1650,13),(1972,1651,13),(1974,1652,13),(1975,1653,13),(1976,1654,13),(1978,1655,13),(1979,1656,13),(1980,1657,13),(1981,1658,13),(1982,1659,13),(1983,1660,13),(1984,1661,13),(1985,1662,13),(1986,1663,13),(1989,1664,13),(1988,1665,13),(1990,1666,13),(1991,1667,13),(1992,1668,13),(1993,1669,13),(1994,1670,13),(1995,1671,13),(4699,1672,6),(1997,1673,13),(1998,1674,13),(2017,1675,13),(2000,1676,13),(2015,1677,13),(2014,1678,13),(2023,1679,13),(2012,1680,13),(2005,1681,8),(2013,1682,13),(2025,1683,13),(2011,1684,13),(2016,1685,13),(2018,1686,13),(2019,1687,13),(2020,1688,13),(2021,1689,13),(2022,1690,13),(2024,1691,13),(2751,1692,15),(2752,1693,15),(2753,1694,15),(2754,1695,15),(2755,1696,15),(2756,1697,15),(2758,1698,15),(2759,1699,15),(2760,1700,15),(2761,1701,15),(2762,1702,15),(2763,1703,15),(2765,1704,15),(2766,1705,15),(2715,1706,15),(2716,1707,15),(2717,1708,15),(2718,1709,15),(2719,1710,15),(2720,1711,15),(2721,1712,15),(2722,1713,15),(2723,1714,15),(2724,1715,15),(2725,1716,15),(2726,1717,15),(2648,1718,3),(2690,1719,15),(2691,1720,15),(2692,1721,15),(2693,1722,15),(2694,1723,15),(2695,1724,15),(2696,1725,15),(2697,1726,15),(2698,1727,15),(2699,1728,15),(2701,1729,15),(2702,1730,15),(2703,1731,15),(2704,1732,15),(2705,1733,15),(2706,1734,15),(2707,1735,15),(2708,1736,15),(2709,1737,15),(2710,1738,15),(2711,1739,15),(2712,1740,15),(2713,1741,15),(2714,1742,15),(2727,1743,15),(2730,1744,15),(4945,1745,11),(2732,1746,15),(2733,1747,15),(2734,1748,15),(2735,1749,15),(2736,1750,15),(2737,1751,15),(2739,1752,15),(2741,1753,15),(2742,1754,15),(2743,1755,15),(2744,1756,15),(2745,1757,15),(2746,1758,15),(2747,1759,15),(2748,1760,15),(2749,1761,15),(2750,1762,15),(2767,1763,5),(2768,1764,5),(2769,1765,5),(2770,1766,5),(2771,1767,5),(2772,1768,5),(2773,1769,5),(3672,1770,6),(3670,1771,6),(2776,1772,5),(2777,1773,5),(3937,1774,15),(2779,1775,5),(2780,1776,5),(2781,1777,5),(2785,1778,5),(2783,1779,5),(2784,1780,5),(2786,1781,5),(2787,1782,5),(2788,1783,5),(2789,1784,5),(2790,1785,5),(2791,1786,5),(2792,1787,5),(2793,1788,5),(2794,1789,5),(3663,1790,6),(2796,1791,5),(3945,1792,8),(2798,1793,5),(2799,1794,5),(2800,1795,5),(2801,1796,5),(3662,1797,6),(3948,1798,8),(2811,1799,3),(2844,1800,3),(2845,1801,3),(2846,1802,3),(2847,1803,3),(3603,1804,6),(2890,1805,8),(2854,1806,5),(2889,1807,8),(2888,1808,2),(2877,1809,12),(2884,1810,8),(2885,1811,8),(2886,1812,8),(2887,1813,10),(2891,1814,3),(5117,1815,15),(3939,1816,9),(2894,1817,3),(4108,1818,13),(2896,1819,4),(2897,1820,4),(2898,1821,4),(2899,1822,4),(2900,1823,4),(4626,1824,6),(4648,1825,6),(5064,1826,13),(4621,1827,6),(5085,1828,13),(4134,1829,2),(2917,1830,2),(2918,1831,2),(4974,1832,12),(4978,1833,12),(4617,1834,4),(3486,1835,3),(2927,1836,7),(3750,1837,3),(5037,1838,13),(4527,1839,3),(2934,1840,3),(2935,1841,3),(2936,1842,3),(2937,1843,3),(2938,1844,3),(2942,1845,7),(3708,1846,4),(2944,1847,15),(2945,1848,15),(2946,1849,15),(2947,1850,15),(2948,1851,15),(2949,1852,15),(2950,1853,15),(2951,1854,15),(2952,1855,15),(5123,1856,15),(2954,1857,15),(2955,1858,15),(2956,1859,3),(2957,1860,3),(2958,1861,3),(2959,1862,3),(2960,1863,3),(2963,1864,3),(4762,1865,8),(3266,1866,4),(4936,1867,10),(3691,1868,5),(5156,1869,5),(2972,1870,4),(2973,1871,3),(2974,1872,3),(2976,1873,14),(2977,1874,6),(2978,1875,6),(2979,1876,6),(2980,1877,6),(2981,1878,6),(2982,1879,6),(2983,1880,12),(2984,1881,12),(2985,1882,8),(2986,1883,8),(2987,1884,4),(3501,1885,4),(2989,1886,4),(2992,1887,13),(3030,1888,4),(4963,1889,12),(3870,1890,15),(5091,1891,13),(5157,1892,5),(4876,1893,9),(4589,1894,4),(3080,1895,4),(3078,1896,4),(3072,1897,4),(3076,1898,4),(3077,1899,4),(3497,1900,4),(3059,1901,4),(3082,1902,4),(3083,1903,4),(3055,1904,4),(3524,1905,4),(3045,1906,4),(3025,1907,6),(3040,1908,4),(5183,1909,5),(3031,1910,4),(3032,1911,4),(3033,1912,4),(5079,1913,13),(4638,1914,6),(4223,1915,3),(3038,1916,4),(3039,1917,4),(3043,1918,4),(3044,1919,4),(3046,1920,4),(3050,1921,4),(4883,1922,9),(3052,1923,4),(3053,1924,4),(3054,1925,4),(3056,1926,4),(3058,1927,4),(3060,1928,4),(5172,1929,5),(3063,1930,4),(3064,1931,4),(3067,1932,4),(3068,1933,4),(3069,1934,4),(3070,1935,4),(4583,1936,4),(3073,1937,4),(3074,1938,4),(3079,1939,4),(3081,1940,4),(3084,1941,13),(3086,1942,13),(3087,1943,13),(3088,1944,13),(3089,1945,13),(3090,1946,13),(3091,1947,13),(3092,1948,13),(3093,1949,13),(3094,1950,13),(3095,1951,13),(3096,1952,13),(3097,1953,15),(3102,1954,4),(3183,1955,2),(3184,1956,2),(3185,1957,2),(3186,1958,2),(3877,1959,15),(3188,1960,2),(3869,1961,15),(3714,1962,13),(4550,1963,4),(4825,1964,8),(4591,1965,4),(3199,1966,3),(3200,1967,3),(3201,1968,3),(3203,1969,3),(3206,1970,3),(3207,1971,3),(3208,1972,3),(5016,1973,12),(4669,1974,6),(4949,1975,12),(4408,1976,11),(3216,1977,12),(3563,1978,12),(3218,1979,12),(4381,1980,9),(3220,1981,9),(4399,1982,10),(3228,1983,15),(3229,1984,15),(3230,1985,15),(3231,1986,15),(3233,1987,15),(3234,1988,15),(3235,1989,15),(3236,1990,15),(3237,1991,15),(3238,1992,15),(3573,1993,8),(3241,1994,15),(3242,1995,6),(3243,1996,6),(3244,1997,6),(3245,1998,6),(3246,1999,6),(3247,2000,6),(3248,2001,8),(3249,2002,8),(3250,2003,8),(3252,2004,3),(3253,2005,4),(3615,2006,6),(3255,2007,4),(3256,2008,4),(4878,2009,9),(3259,2010,4),(4654,2011,6),(3499,2012,4),(3262,2013,4),(3263,2014,4),(3264,2015,4),(3265,2016,4),(3267,2017,4),(3462,2018,3),(3300,2019,15),(3463,2020,3),(5030,2021,12),(4988,2022,12),(3278,2023,3),(4191,2024,10),(3887,2025,5),(4967,2026,12),(3888,2027,5),(3301,2028,15),(3303,2029,15),(3461,2030,3),(5102,2031,14),(4994,2032,12),(4490,2033,3),(3402,2034,6),(3321,2035,10),(4261,2036,15),(4982,2037,12),(3345,2038,12),(3346,2039,12),(3347,2040,12),(4935,2041,10),(5011,2042,12),(4964,2043,12),(4939,2044,10),(5024,2045,12),(4208,2046,6),(5010,2047,12),(4953,2048,12),(3484,2049,3),(3361,2050,12),(3362,2051,12),(3363,2052,12),(3366,2053,11),(4940,2054,10),(3380,2055,10),(3381,2056,10),(4398,2057,10),(4916,2058,10),(5029,2059,12),(3390,2060,9),(4357,2061,12),(5090,2062,13),(3398,2063,8),(3399,2064,7),(3401,2065,7),(4661,2066,6),(4512,2067,3),(3416,2068,6),(3417,2069,6),(3418,2070,6),(3433,2071,6),(3457,2072,4),(3444,2073,5),(3446,2074,5),(3520,2075,3),(3464,2076,3),(3475,2077,2),(4881,2078,9),(3479,2079,3),(3483,2080,3),(4179,2081,6),(3488,2082,4),(4613,2083,4),(3490,2084,4),(3491,2085,4),(3492,2086,4),(3493,2087,4),(3494,2088,4),(3495,2089,4),(3496,2090,4),(3498,2091,4),(3500,2092,4),(3502,2093,4),(3503,2094,4),(3504,2095,4),(3505,2096,4),(3506,2097,4),(3507,2098,4),(3508,2099,4),(3509,2100,4),(3510,2101,4),(3511,2102,4),(3512,2103,4),(3513,2104,4),(3514,2105,4),(3515,2106,4),(3516,2107,4),(3746,2108,3),(4565,2109,4),(4586,2110,4),(3528,2111,4),(3529,2112,4),(3530,2113,4),(3531,2114,4),(3532,2115,4),(3533,2116,4),(3534,2117,4),(3535,2118,4),(3536,2119,4),(3539,2120,4),(3540,2121,4),(3541,2122,4),(4824,2123,8),(4375,2124,13),(5083,2125,13),(3552,2126,8),(3553,2127,8),(3554,2128,8),(3555,2129,8),(4484,2130,3),(3561,2131,12),(4749,2132,8),(4664,2133,6),(4851,2134,8),(5134,2135,15),(4792,2136,8),(3572,2137,8),(3871,2138,15),(3577,2139,7),(3578,2140,7),(3579,2141,7),(3873,2142,15),(3872,2143,15),(4943,2144,11),(3874,2145,15),(3876,2146,15),(5114,2147,15),(5002,2148,12),(5035,2149,13),(4864,2150,8),(5175,2151,5),(5155,2152,5),(5177,2153,5),(4532,2154,3),(4804,2155,8),(5031,2156,13),(4050,2157,8),(4086,2158,12),(3606,2159,6),(4167,2160,15),(3608,2161,6),(4116,2162,13),(4023,2163,4),(4164,2164,15),(4041,2165,8),(3613,2166,6),(4132,2167,14),(4160,2168,15),(4166,2169,15),(4169,2170,15),(4046,2171,8),(3622,2172,6),(3623,2173,6),(3624,2174,6),(3625,2175,6),(3627,2176,6),(4163,2177,15),(3629,2178,6),(4053,2179,8),(3632,2180,6),(3634,2181,6),(3635,2182,6),(3636,2183,6),(4043,2184,8),(3638,2185,6),(3639,2186,6),(3640,2187,6),(3641,2188,6),(4042,2189,8),(4161,2190,15),(4007,2191,3),(3648,2192,6),(4168,2193,15),(3990,2194,2),(3651,2195,6),(3652,2196,6),(3653,2197,6),(3942,2198,5),(3655,2199,6),(3656,2200,6),(3657,2201,6),(4790,2202,8),(3659,2203,6),(3660,2204,6),(3661,2205,6),(3665,2206,6),(3756,2207,3),(3669,2208,6),(3671,2209,6),(3673,2210,6),(3676,2211,6),(3677,2212,6),(3758,2213,3),(5142,2214,5),(3687,2215,5),(3696,2216,5),(3698,2217,5),(3704,2218,4),(4820,2219,8),(3712,2220,4),(3718,2221,13),(3722,2222,13),(3723,2223,13),(3726,2224,13),(4769,2225,8),(3729,2226,15),(3732,2227,3),(3733,2228,3),(3734,2229,3),(3736,2230,3),(3737,2231,3),(3739,2232,3),(3740,2233,3),(3741,2234,3),(3742,2235,3),(3744,2236,3),(3745,2237,3),(3749,2238,3),(3752,2239,3),(3753,2240,3),(4663,2241,6),(3757,2242,3),(3759,2243,3),(3953,2244,4),(3761,2245,3),(3762,2246,3),(3952,2247,4),(3764,2248,3),(4547,2249,4),(4656,2250,6),(4862,2251,8),(4869,2252,8),(4601,2253,4),(5053,2254,13),(4380,2255,13),(3787,2256,2),(3882,2257,3),(3883,2258,3),(3884,2259,3),(3886,2260,5),(3889,2261,5),(4673,2262,6),(4705,2263,6),(4643,2264,6),(4665,2265,6),(3903,2266,6),(3904,2267,6),(4744,2268,8),(3908,2269,8),(3909,2270,8),(3910,2271,8),(3912,2272,10),(3913,2273,10),(3914,2274,10),(4697,2275,6),(4987,2276,12),(4759,2277,8),(3922,2278,12),(3923,2279,12),(3924,2280,12),(3925,2281,12),(3926,2282,12),(3927,2283,12),(3929,2284,13),(3930,2285,13),(3931,2286,13),(5124,2287,15),(3934,2288,15),(3935,2289,15),(3944,2290,8),(3946,2291,8),(3950,2292,4),(3951,2293,4),(3954,2294,4),(3955,2295,4),(3956,2296,4),(3957,2297,7),(3964,2298,7),(3968,2299,6),(3969,2300,6),(3970,2301,6),(3971,2302,6),(3972,2303,6),(3973,2304,10),(3974,2305,10),(3975,2306,10),(3976,2307,10),(3977,2308,10),(3981,2309,12),(3982,2310,12),(3983,2311,12),(3991,2312,2),(4004,2313,3),(4131,2314,14),(4114,2315,13),(4044,2316,8),(4973,2317,12),(4112,2318,13),(4113,2319,13),(4115,2320,13),(4165,2321,15),(4119,2322,13),(4120,2323,13),(5111,2324,14),(5017,2325,12),(4140,2326,3),(5093,2327,13),(5065,2328,13),(4767,2329,8),(4159,2330,15),(4162,2331,15),(4170,2332,15),(4172,2333,4),(4174,2334,4),(4185,2335,9),(4189,2336,10),(4190,2337,10),(4192,2338,10),(4195,2339,9),(4593,2340,4),(4597,2341,4),(4202,2342,4),(5187,2343,6),(4263,2344,15),(4207,2345,6),(4267,2346,15),(4210,2347,6),(4359,2348,12),(4877,2349,9),(4903,2350,9),(4226,2351,9),(4227,2352,9),(4228,2353,9),(4265,2354,15),(4232,2355,10),(4248,2356,12),(4249,2357,12),(4251,2358,12),(5041,2359,13),(5067,2360,13),(4258,2361,13),(4259,2362,13),(5133,2363,15),(4262,2364,15),(4282,2365,5),(4305,2366,6),(4345,2367,10),(4358,2368,12),(4816,2369,8),(4374,2370,13),(4376,2371,13),(4393,2372,6),(4784,2373,8),(4410,2374,14),(4413,2375,6),(5144,2376,5),(4840,2377,8),(4852,2378,8),(4855,2379,8),(5145,2380,5),(5060,2381,13),(4688,2382,6),(4486,2383,3),(4488,2384,3),(4489,2385,3),(4491,2386,3),(4492,2387,3),(4494,2388,3),(4495,2389,3),(4496,2390,3),(4502,2391,3),(4503,2392,3),(4504,2393,3),(4627,2394,6),(4888,2395,9),(4513,2396,3),(4516,2397,3),(4518,2398,3),(4519,2399,3),(4524,2400,3),(4525,2401,3),(4526,2402,3),(4529,2403,3),(4530,2404,3),(4536,2405,3),(4538,2406,4),(4540,2407,4),(4541,2408,4),(4543,2409,4),(4711,2410,7),(4548,2411,4),(4549,2412,4),(4991,2413,12),(4553,2414,4),(4554,2415,4),(4556,2416,4),(4559,2417,4),(4560,2418,4),(4561,2419,4),(4562,2420,4),(4564,2421,4),(4566,2422,4),(4571,2423,4),(4574,2424,4),(4575,2425,4),(4581,2426,4),(4584,2427,4),(4588,2428,4),(5105,2429,14),(4594,2430,4),(4595,2431,4),(4599,2432,4),(4600,2433,4),(4731,2434,7),(4604,2435,4),(4605,2436,4),(4607,2437,4),(4610,2438,4),(4614,2439,4),(4615,2440,4),(4616,2441,4),(4619,2442,4),(4620,2443,4),(4622,2444,6),(4623,2445,6),(4625,2446,6),(4628,2447,6),(4629,2448,6),(4630,2449,6),(4633,2450,6),(4637,2451,6),(4760,2452,8),(4641,2453,6),(4644,2454,6),(4645,2455,6),(4646,2456,6),(4649,2457,6),(4653,2458,6),(4655,2459,6),(4657,2460,6),(4659,2461,6),(4660,2462,6),(4667,2463,6),(4668,2464,6),(4670,2465,6),(4671,2466,6),(4674,2467,6),(4680,2468,6),(4681,2469,6),(4682,2470,6),(4684,2471,6),(4685,2472,6),(4687,2473,6),(4689,2474,6),(4690,2475,6),(4691,2476,6),(4696,2477,6),(4701,2478,6),(5148,2479,5),(4704,2480,6),(4708,2481,6),(4709,2482,6),(4710,2483,7),(4712,2484,7),(4713,2485,7),(4714,2486,7),(4715,2487,7),(4716,2488,7),(4717,2489,7),(4718,2490,7),(4719,2491,7),(4720,2492,7),(4721,2493,7),(4722,2494,7),(4723,2495,7),(4724,2496,7),(4725,2497,7),(4904,2498,9),(4727,2499,7),(4729,2500,7),(4730,2501,7),(4732,2502,7),(4733,2503,7),(4735,2504,7),(4736,2505,7),(4737,2506,8),(4738,2507,8),(5059,2508,13),(4742,2509,8),(4743,2510,8),(5139,2511,5),(4746,2512,8),(4747,2513,8),(4748,2514,8),(4750,2515,8),(4751,2516,8),(4752,2517,8),(4753,2518,8),(4754,2519,8),(4756,2520,8),(4757,2521,8),(4758,2522,8),(4761,2523,8),(4763,2524,8),(4764,2525,8),(4765,2526,8),(4768,2527,8),(4770,2528,8),(4771,2529,8),(4772,2530,8),(4773,2531,8),(4774,2532,8),(4776,2533,8),(4778,2534,8),(4779,2535,8),(4780,2536,8),(4781,2537,8),(4782,2538,8),(4786,2539,8),(4787,2540,8),(4789,2541,8),(4794,2542,8),(4795,2543,8),(5112,2544,14),(4798,2545,8),(4799,2546,8),(4801,2547,8),(4805,2548,8),(4806,2549,8),(4807,2550,8),(4808,2551,8),(5132,2552,15),(5104,2553,14),(4811,2554,8),(4812,2555,8),(4813,2556,8),(4814,2557,8),(4815,2558,8),(4818,2559,8),(4821,2560,8),(4822,2561,8),(4823,2562,8),(4826,2563,8),(4828,2564,8),(4829,2565,8),(4830,2566,8),(5099,2567,13),(4833,2568,8),(4834,2569,8),(4835,2570,8),(4838,2571,8),(4839,2572,8),(4841,2573,8),(4842,2574,8),(4843,2575,8),(4844,2576,8),(4845,2577,8),(4846,2578,8),(5046,2579,13),(4848,2580,8),(4849,2581,8),(4853,2582,8),(4854,2583,8),(4856,2584,8),(4857,2585,8),(4858,2586,8),(4859,2587,8),(4861,2588,8),(4863,2589,8),(4865,2590,8),(4866,2591,8),(4867,2592,8),(4868,2593,8),(4870,2594,8),(4874,2595,9),(4875,2596,9),(4880,2597,9),(4884,2598,9),(4886,2599,9),(4889,2600,9),(4890,2601,9),(4893,2602,9),(4894,2603,9),(4897,2604,9),(4898,2605,9),(4899,2606,9),(4900,2607,9),(4901,2608,9),(4905,2609,9),(4906,2610,9),(4907,2611,9),(4909,2612,10),(4910,2613,10),(4911,2614,10),(4912,2615,10),(4913,2616,10),(4915,2617,10),(4918,2618,10),(4919,2619,10),(4920,2620,10),(4921,2621,10),(4922,2622,10),(4923,2623,10),(4924,2624,10),(4925,2625,10),(4927,2626,10),(4928,2627,10),(4929,2628,10),(4930,2629,10),(4931,2630,10),(4932,2631,10),(4934,2632,10),(4937,2633,10),(4938,2634,10),(4941,2635,11),(4942,2636,11),(4944,2637,11),(4946,2638,11),(4947,2639,11),(4948,2640,12),(4951,2641,12),(4954,2642,12),(4955,2643,12),(4956,2644,12),(4957,2645,12),(4959,2646,12),(4960,2647,12),(4961,2648,12),(4962,2649,12),(4965,2650,12),(4968,2651,12),(4970,2652,12),(4971,2653,12),(4972,2654,12),(4975,2655,12),(4976,2656,12),(4977,2657,12),(4979,2658,12),(4981,2659,12),(4984,2660,12),(4986,2661,12),(4989,2662,12),(4990,2663,12),(4993,2664,12),(4995,2665,12),(4996,2666,12),(4998,2667,12),(5000,2668,12),(5001,2669,12),(5003,2670,12),(5004,2671,12),(5005,2672,12),(5007,2673,12),(5008,2674,12),(5009,2675,12),(5013,2676,12),(5014,2677,12),(5015,2678,12),(5018,2679,12),(5019,2680,12),(5020,2681,12),(5021,2682,12),(5022,2683,12),(5023,2684,12),(5025,2685,12),(5026,2686,12),(5028,2687,12),(5032,2688,13),(5033,2689,13),(5036,2690,13),(5039,2691,13),(5040,2692,13),(5042,2693,13),(5043,2694,13),(5044,2695,13),(5045,2696,13),(5047,2697,13),(5048,2698,13),(5049,2699,13),(5050,2700,13),(5052,2701,13),(5054,2702,13),(5055,2703,13),(5056,2704,13),(5057,2705,13),(5058,2706,13),(5061,2707,13),(5062,2708,13),(5066,2709,13),(5068,2710,13),(5069,2711,13),(5070,2712,13),(5071,2713,13),(5072,2714,13),(5073,2715,13),(5074,2716,13),(5075,2717,13),(5076,2718,13),(5077,2719,13),(5078,2720,13),(5080,2721,13),(5081,2722,13),(5082,2723,13),(5084,2724,13),(5086,2725,13),(5088,2726,13),(5089,2727,13),(5094,2728,13),(5095,2729,13),(5096,2730,13),(5097,2731,13),(5098,2732,13),(5103,2733,14),(5107,2734,14),(5108,2735,14),(5110,2736,14),(5116,2737,15),(5118,2738,15),(5119,2739,15),(5120,2740,15),(5121,2741,15),(5122,2742,15),(5125,2743,15),(5127,2744,15),(5130,2745,15),(5135,2746,15),(5140,2747,5),(5143,2748,5),(5146,2749,5),(5147,2750,5),(5151,2751,5),(5152,2752,5),(5153,2753,5),(5158,2754,5),(5160,2755,5),(5161,2756,5),(5162,2757,5),(5164,2758,5),(5165,2759,5),(5166,2760,5),(5167,2761,5),(5168,2762,5),(5171,2763,5),(5174,2764,5),(5176,2765,5),(5180,2766,5),(5181,2767,5),(5182,2768,5);
/*!40000 ALTER TABLE `ieeetags_node_parents` ENABLE KEYS */;
UNLOCK TABLES;

--
-- Table structure for table `ieeetags_node_related_sectors`
--

DROP TABLE IF EXISTS `ieeetags_node_related_sectors`;
SET @saved_cs_client     = @@character_set_client;
SET character_set_client = utf8;
CREATE TABLE `ieeetags_node_related_sectors` (
  `id` int(11) NOT NULL auto_increment,
  `from_node_id` int(11) NOT NULL,
  `to_node_id` int(11) NOT NULL,
  PRIMARY KEY  (`id`),
  UNIQUE KEY `from_node_id` (`from_node_id`,`to_node_id`),
  KEY `to_node_id_refs_id_747bba37` (`to_node_id`),
  CONSTRAINT `from_node_id_refs_id_747bba37` FOREIGN KEY (`from_node_id`) REFERENCES `ieeetags_node` (`id`),
  CONSTRAINT `to_node_id_refs_id_747bba37` FOREIGN KEY (`to_node_id`) REFERENCES `ieeetags_node` (`id`)
) ENGINE=InnoDB DEFAULT CHARSET=utf8 COLLATE=utf8_unicode_ci;
SET character_set_client = @saved_cs_client;

--
-- Dumping data for table `ieeetags_node_related_sectors`
--

LOCK TABLES `ieeetags_node_related_sectors` WRITE;
/*!40000 ALTER TABLE `ieeetags_node_related_sectors` DISABLE KEYS */;
/*!40000 ALTER TABLE `ieeetags_node_related_sectors` ENABLE KEYS */;
UNLOCK TABLES;

--
-- Table structure for table `ieeetags_node_related_tags`
--

DROP TABLE IF EXISTS `ieeetags_node_related_tags`;
SET @saved_cs_client     = @@character_set_client;
SET character_set_client = utf8;
CREATE TABLE `ieeetags_node_related_tags` (
  `id` int(11) NOT NULL auto_increment,
  `from_node_id` int(11) NOT NULL,
  `to_node_id` int(11) NOT NULL,
  PRIMARY KEY  (`id`),
  UNIQUE KEY `from_node_id` (`from_node_id`,`to_node_id`),
  KEY `to_node_id_refs_id_3cec9c56` (`to_node_id`),
  CONSTRAINT `to_node_id_refs_id_3cec9c56` FOREIGN KEY (`to_node_id`) REFERENCES `ieeetags_node` (`id`),
  CONSTRAINT `from_node_id_refs_id_3cec9c56` FOREIGN KEY (`from_node_id`) REFERENCES `ieeetags_node` (`id`)
) ENGINE=InnoDB DEFAULT CHARSET=latin1;
SET character_set_client = @saved_cs_client;

--
-- Dumping data for table `ieeetags_node_related_tags`
--

LOCK TABLES `ieeetags_node_related_tags` WRITE;
/*!40000 ALTER TABLE `ieeetags_node_related_tags` DISABLE KEYS */;
/*!40000 ALTER TABLE `ieeetags_node_related_tags` ENABLE KEYS */;
UNLOCK TABLES;

--
-- Table structure for table `ieeetags_node_societies`
--

DROP TABLE IF EXISTS `ieeetags_node_societies`;
SET @saved_cs_client     = @@character_set_client;
SET character_set_client = utf8;
CREATE TABLE `ieeetags_node_societies` (
  `id` int(11) NOT NULL auto_increment,
  `node_id` int(11) NOT NULL,
  `society_id` int(11) NOT NULL,
  PRIMARY KEY  (`id`),
  UNIQUE KEY `node_id` (`node_id`,`society_id`),
  KEY `society_id_refs_id_4283f3d1` (`society_id`),
  CONSTRAINT `society_id_refs_id_4283f3d1` FOREIGN KEY (`society_id`) REFERENCES `ieeetags_society` (`id`),
  CONSTRAINT `node_id_refs_id_151b8f74` FOREIGN KEY (`node_id`) REFERENCES `ieeetags_node` (`id`)
) ENGINE=InnoDB AUTO_INCREMENT=3293 DEFAULT CHARSET=latin1;
SET character_set_client = @saved_cs_client;

--
-- Dumping data for table `ieeetags_node_societies`
--

LOCK TABLES `ieeetags_node_societies` WRITE;
/*!40000 ALTER TABLE `ieeetags_node_societies` DISABLE KEYS */;
INSERT INTO `ieeetags_node_societies` VALUES (753,740,57),(2260,740,67),(2491,740,73),(754,741,57),(2524,741,63),(755,742,57),(2355,742,63),(756,743,57),(1124,743,66),(2687,743,91),(757,744,57),(2543,744,63),(2682,744,91),(758,745,57),(2324,745,63),(759,746,57),(2263,746,67),(2376,746,73),(760,747,57),(1066,747,70),(2490,747,73),(2832,747,91),(761,748,57),(2536,748,63),(2266,748,67),(762,749,58),(763,750,60),(764,751,60),(765,752,60),(766,753,60),(767,754,60),(768,755,60),(769,756,60),(770,757,60),(771,758,60),(772,759,60),(773,760,60),(774,761,60),(2069,761,67),(775,762,60),(776,763,60),(777,764,60),(778,765,60),(779,766,60),(780,767,60),(781,768,60),(782,769,60),(1985,769,72),(783,770,60),(784,771,60),(785,772,60),(786,773,60),(787,774,60),(788,775,59),(789,776,61),(790,777,61),(1065,777,70),(791,778,61),(792,779,61),(793,780,61),(794,781,61),(795,782,61),(796,783,61),(1062,783,70),(2871,783,91),(797,784,61),(798,785,61),(799,786,61),(800,787,61),(801,788,61),(802,789,61),(803,790,61),(804,791,61),(805,792,61),(806,793,61),(807,794,61),(808,795,61),(809,796,61),(810,797,61),(811,798,61),(2371,798,73),(812,799,61),(813,800,61),(1701,800,74),(814,801,61),(815,802,61),(816,803,61),(817,804,61),(818,805,61),(819,806,61),(1051,806,69),(1209,806,71),(820,807,61),(821,808,61),(822,809,61),(823,810,61),(824,811,61),(825,812,61),(826,813,61),(827,814,61),(828,815,61),(829,816,61),(830,817,61),(831,818,61),(832,819,61),(833,820,61),(834,821,61),(2462,821,84),(835,822,61),(836,823,61),(837,824,61),(1538,824,74),(838,825,61),(839,826,61),(840,827,61),(2657,827,87),(2644,827,90),(2863,827,91),(841,828,61),(842,829,61),(843,830,61),(844,831,61),(845,832,61),(846,833,61),(847,834,61),(848,835,61),(849,836,61),(850,837,61),(851,838,61),(852,839,61),(853,840,61),(854,841,61),(855,842,61),(856,843,61),(857,844,61),(858,845,61),(859,846,61),(860,847,61),(861,848,61),(862,849,61),(863,850,61),(864,851,61),(865,852,61),(866,853,61),(867,854,61),(868,855,61),(869,856,61),(870,857,61),(1069,857,70),(1218,857,71),(3247,857,91),(871,858,61),(872,859,61),(873,860,61),(874,861,61),(875,862,61),(876,863,61),(877,864,61),(878,865,61),(879,866,61),(880,867,61),(1063,867,70),(2655,867,87),(2958,867,91),(881,868,61),(882,869,61),(883,870,61),(884,871,61),(885,872,61),(2972,872,91),(886,873,61),(887,874,61),(2656,874,87),(2647,874,90),(2989,874,91),(888,875,61),(889,876,61),(890,877,61),(891,878,61),(892,879,61),(1145,879,66),(893,880,59),(1656,880,74),(894,881,59),(2142,881,65),(1202,881,66),(2039,881,67),(1072,881,70),(1230,881,71),(2654,881,87),(3252,881,91),(1799,882,58),(895,882,59),(2664,882,91),(896,883,59),(897,884,62),(2723,884,91),(898,885,63),(899,886,63),(900,887,63),(901,888,59),(902,889,59),(903,890,59),(2460,890,84),(904,891,64),(2732,891,91),(905,892,64),(2782,892,91),(2634,893,59),(906,893,64),(2752,893,91),(2339,894,63),(907,894,64),(2637,895,59),(908,895,64),(2756,895,91),(909,896,58),(910,897,65),(911,898,58),(2123,898,65),(2211,898,67),(1048,898,69),(1263,898,74),(1907,898,79),(2438,898,84),(2546,898,87),(3231,898,91),(912,899,64),(1478,899,74),(913,900,64),(914,901,64),(2562,901,87),(3030,901,91),(915,902,64),(2635,903,59),(2308,903,63),(916,903,64),(1057,903,70),(2698,903,91),(2641,904,59),(917,904,64),(2055,904,67),(1058,904,70),(2767,904,91),(918,905,64),(1750,906,58),(2533,906,63),(919,906,64),(1190,906,66),(1889,906,77),(1909,906,79),(2565,906,87),(2581,906,90),(2708,906,91),(920,907,64),(921,908,64),(2760,908,91),(922,909,64),(923,910,64),(1192,910,66),(2735,910,91),(924,911,64),(2792,911,91),(925,912,64),(926,913,64),(927,914,64),(2716,914,91),(2631,915,59),(928,915,64),(2719,915,91),(2636,916,59),(929,916,64),(2783,916,91),(930,917,64),(1968,917,72),(2746,917,91),(931,918,64),(2568,918,87),(932,919,64),(2049,919,67),(933,920,64),(934,921,64),(935,922,64),(1949,922,79),(936,923,64),(937,924,64),(938,925,64),(939,926,64),(940,927,64),(941,928,64),(942,929,64),(2639,930,59),(943,930,64),(2754,930,91),(944,931,64),(945,932,64),(946,933,64),(947,934,64),(948,935,64),(949,936,64),(950,937,64),(951,938,64),(952,939,64),(953,940,66),(3045,940,91),(954,941,66),(2762,941,91),(955,942,66),(956,943,66),(957,944,66),(2662,944,91),(958,945,66),(959,946,66),(2859,946,91),(960,947,66),(2748,947,91),(961,948,66),(962,949,66),(963,950,66),(964,951,66),(965,952,66),(966,953,66),(967,954,66),(968,955,66),(969,956,66),(970,957,66),(2916,957,91),(971,958,66),(972,959,66),(1936,959,79),(973,960,66),(974,961,66),(975,962,66),(976,963,66),(977,964,66),(978,965,66),(979,966,66),(980,967,66),(981,968,66),(3040,968,91),(982,969,66),(3051,969,91),(983,970,66),(1994,970,72),(2502,970,79),(3266,970,91),(984,971,66),(985,972,66),(2448,972,84),(2809,972,91),(986,973,66),(1800,974,58),(987,974,66),(988,975,66),(989,976,66),(990,977,66),(991,978,66),(992,979,66),(993,980,66),(994,981,66),(995,982,66),(996,983,66),(997,984,66),(998,985,66),(999,986,66),(1000,987,66),(1001,988,66),(1002,989,66),(2056,989,67),(2691,989,91),(1003,990,66),(2107,990,67),(1004,991,66),(1005,992,66),(1006,993,66),(2956,993,91),(1007,994,66),(2683,994,91),(1008,995,66),(1009,996,66),(2847,996,91),(1010,997,66),(1011,998,66),(3023,998,91),(1012,999,66),(1013,1000,66),(1014,1001,66),(1015,1002,66),(2038,1003,61),(1016,1003,66),(1017,1004,66),(1018,1005,66),(1019,1006,66),(1020,1007,66),(1021,1008,66),(1022,1009,66),(2984,1009,91),(1023,1010,66),(2012,1010,72),(1024,1011,66),(2062,1011,67),(1025,1012,66),(1902,1012,79),(1026,1013,66),(1027,1014,66),(2734,1014,91),(1028,1015,66),(1029,1016,66),(1040,1016,67),(2950,1016,91),(1030,1017,66),(1031,1018,66),(2926,1018,91),(1032,1019,66),(1033,1020,66),(1229,1020,71),(1939,1020,79),(2578,1020,90),(2785,1020,91),(1034,1021,66),(1035,1022,66),(2935,1022,91),(1036,1023,66),(1037,1024,64),(2122,1024,65),(1038,1025,64),(1039,1026,67),(2990,1026,91),(1041,1027,67),(1042,1028,68),(1043,1029,69),(1044,1030,69),(1045,1031,69),(1046,1032,69),(1047,1033,69),(1049,1034,69),(1050,1035,69),(1052,1036,69),(1053,1037,69),(1054,1038,69),(1509,1038,74),(2153,1039,65),(1055,1039,70),(2449,1039,84),(2846,1039,91),(2126,1040,65),(1186,1040,66),(1056,1040,70),(3236,1040,91),(1059,1041,70),(1903,1041,79),(2660,1041,91),(2297,1042,63),(1060,1042,70),(3262,1042,91),(1061,1043,70),(1970,1043,72),(3160,1043,91),(2382,1044,61),(2553,1044,63),(1064,1044,70),(3288,1044,91),(2137,1045,65),(1067,1045,70),(1220,1045,71),(2503,1045,79),(2456,1045,84),(2813,1045,91),(1068,1046,70),(3246,1046,91),(2140,1047,65),(1198,1047,66),(1070,1047,70),(1885,1047,77),(3227,1047,91),(2200,1048,65),(1071,1048,70),(2650,1048,87),(3251,1048,91),(1073,1049,70),(3253,1049,91),(1074,1050,70),(1075,1051,70),(1076,1052,70),(1537,1052,74),(1077,1053,70),(1078,1054,70),(1079,1055,70),(1080,1056,70),(2828,1056,91),(1081,1057,70),(3283,1057,91),(1082,1058,70),(2138,1059,65),(1083,1059,70),(1600,1059,74),(2692,1059,91),(2157,1060,65),(1084,1060,70),(2699,1060,91),(2133,1061,65),(1085,1061,70),(1895,1061,77),(3121,1061,91),(2068,1062,59),(1196,1062,66),(2050,1062,67),(1086,1062,70),(2412,1062,79),(2278,1063,61),(1087,1063,70),(1389,1063,74),(3280,1063,91),(1201,1064,66),(1088,1064,70),(1940,1064,79),(2700,1064,91),(1089,1065,70),(1090,1066,70),(1091,1067,70),(1672,1067,74),(2146,1068,65),(1092,1068,70),(1093,1069,70),(1094,1070,70),(2125,1071,65),(1095,1071,66),(2677,1071,91),(1096,1072,66),(2519,1072,86),(2127,1073,65),(1097,1073,66),(3100,1073,91),(2434,1074,61),(1098,1074,66),(1099,1075,66),(2577,1075,89),(1100,1076,66),(2674,1076,91),(1101,1077,66),(2711,1077,91),(1102,1078,66),(2678,1078,91),(1103,1079,66),(2686,1079,91),(2305,1080,63),(1104,1080,66),(3270,1080,91),(1105,1081,66),(3180,1081,91),(1106,1082,66),(1999,1082,72),(2749,1082,91),(1107,1083,66),(2670,1083,91),(1108,1084,66),(2675,1084,91),(1109,1085,66),(2773,1085,91),(1110,1086,66),(2264,1086,67),(1896,1086,77),(2599,1086,90),(1111,1087,66),(3024,1087,91),(1112,1088,66),(3041,1088,91),(1113,1089,66),(1114,1090,66),(2182,1091,65),(1115,1091,66),(2051,1091,67),(1898,1091,79),(2786,1091,91),(1116,1092,66),(3123,1092,91),(1117,1093,66),(2740,1093,91),(1118,1094,66),(3147,1094,91),(2306,1095,63),(1119,1095,66),(2865,1095,91),(2329,1096,63),(1120,1096,66),(2243,1096,67),(2240,1096,79),(1121,1097,66),(2643,1097,90),(3292,1097,91),(1122,1098,66),(2745,1098,91),(1123,1099,66),(3228,1099,91),(1125,1100,66),(2443,1100,84),(3279,1100,91),(1126,1101,66),(1127,1102,66),(2518,1102,86),(2341,1103,63),(1128,1103,66),(1129,1104,66),(3191,1104,91),(2352,1105,63),(1130,1105,66),(2530,1106,63),(1131,1106,66),(1132,1107,66),(1133,1108,66),(1134,1109,66),(1135,1110,66),(1136,1111,66),(1137,1112,66),(1138,1113,66),(1139,1114,66),(1140,1115,66),(1141,1116,66),(2474,1116,84),(3134,1116,91),(2534,1117,63),(1142,1117,66),(1894,1117,77),(2560,1117,87),(2606,1117,90),(3129,1117,91),(1143,1118,66),(2629,1118,81),(2872,1118,91),(1144,1119,66),(3012,1119,91),(2334,1120,63),(1146,1120,66),(1147,1121,66),(1148,1122,66),(1149,1123,66),(1150,1124,66),(1151,1125,66),(1152,1126,66),(1153,1127,66),(1689,1127,74),(1154,1128,66),(1155,1129,66),(1156,1130,66),(1157,1131,66),(1158,1132,66),(1159,1133,66),(1160,1134,66),(1161,1135,66),(1162,1136,66),(1163,1137,66),(1164,1138,66),(2136,1139,65),(1165,1139,66),(2868,1139,91),(2131,1140,65),(1166,1140,66),(2808,1140,91),(2130,1141,65),(1167,1141,66),(2439,1141,84),(2841,1141,91),(2194,1142,65),(1168,1142,66),(2437,1142,84),(2845,1142,91),(2195,1143,65),(1169,1143,66),(2805,1143,91),(2141,1144,65),(1170,1144,66),(2451,1144,84),(2564,1144,87),(2798,1144,91),(1171,1145,66),(2584,1145,90),(2851,1145,91),(2196,1146,65),(1172,1146,66),(2649,1146,87),(2807,1146,91),(2128,1147,65),(1173,1147,66),(2436,1147,84),(2844,1147,91),(2147,1148,65),(1174,1148,66),(1175,1149,66),(1176,1150,66),(1177,1151,66),(1178,1152,66),(1179,1153,66),(1180,1154,66),(2517,1154,86),(1181,1155,66),(1182,1156,66),(1783,1157,58),(1183,1157,66),(1184,1158,66),(1185,1159,66),(2129,1160,65),(1187,1160,66),(2401,1160,79),(1188,1161,66),(3033,1161,91),(1189,1162,66),(2705,1162,91),(1191,1163,66),(2710,1163,91),(1193,1164,66),(2688,1164,91),(2155,1165,65),(1194,1165,66),(2100,1165,67),(1906,1165,79),(2712,1165,91),(1195,1166,66),(1916,1166,79),(2556,1167,63),(1197,1167,66),(3255,1167,91),(2275,1168,61),(1199,1168,66),(1200,1169,66),(2414,1169,79),(1203,1170,66),(3044,1170,91),(1204,1171,66),(2605,1171,90),(2205,1172,65),(1205,1172,66),(1231,1172,71),(2505,1172,79),(2548,1172,87),(3141,1172,91),(1206,1173,71),(1888,1173,77),(3220,1173,91),(1207,1174,71),(3094,1174,91),(2627,1175,61),(1208,1175,71),(1734,1175,75),(1210,1176,71),(1211,1177,71),(1212,1178,71),(1213,1179,71),(1214,1180,71),(1215,1181,71),(1216,1182,71),(1217,1183,71),(2277,1184,61),(1219,1184,71),(1941,1184,79),(2823,1184,91),(1221,1185,71),(1222,1186,71),(1223,1187,71),(1224,1188,71),(3078,1188,91),(1225,1189,71),(1226,1190,71),(2582,1190,90),(2744,1190,91),(1227,1191,71),(1228,1192,71),(1232,1193,71),(1233,1194,71),(1234,1195,71),(1235,1196,67),(2777,1196,91),(1236,1197,67),(2015,1197,72),(2729,1197,91),(1237,1198,67),(1238,1199,72),(2063,1200,67),(1239,1200,73),(2148,1201,65),(1240,1201,73),(2676,1201,91),(1241,1202,73),(1242,1203,73),(1243,1204,73),(1244,1205,73),(1245,1206,73),(1246,1207,73),(1247,1208,74),(1248,1209,74),(1249,1210,74),(1250,1211,74),(1251,1212,74),(1252,1213,74),(1253,1214,74),(1254,1215,74),(1255,1216,74),(1256,1217,74),(1257,1218,74),(1258,1219,74),(1259,1220,74),(1260,1221,74),(1261,1222,74),(1262,1223,74),(2504,1223,79),(2570,1223,87),(2714,1223,91),(1264,1224,74),(1265,1225,74),(1266,1226,74),(2057,1227,67),(1267,1227,74),(1268,1228,74),(1269,1229,74),(1270,1230,74),(1271,1231,74),(1272,1232,74),(1273,1233,74),(1274,1234,74),(1275,1235,74),(1276,1236,74),(1277,1237,74),(1278,1238,74),(1279,1239,74),(1280,1240,74),(1281,1241,74),(1282,1242,74),(1283,1243,74),(1284,1244,74),(1285,1245,74),(1286,1246,74),(1287,1247,74),(1288,1248,74),(1289,1249,74),(1290,1250,74),(1291,1251,74),(1292,1252,74),(1293,1253,74),(1294,1254,74),(1295,1255,74),(1296,1256,74),(1297,1257,74),(2771,1257,91),(1298,1258,74),(1299,1259,74),(1300,1260,74),(1301,1261,74),(1302,1262,74),(1303,1263,74),(1304,1264,74),(1305,1265,74),(1306,1266,74),(1307,1267,74),(1308,1268,74),(1309,1269,74),(1310,1270,74),(1311,1271,74),(1312,1272,74),(1313,1273,74),(1314,1274,74),(1315,1275,74),(1316,1276,74),(1317,1277,74),(1318,1278,74),(2804,1278,91),(1319,1279,74),(1320,1280,74),(1321,1281,74),(1322,1282,74),(1323,1283,74),(1324,1284,74),(1325,1285,74),(1326,1286,74),(1327,1287,74),(1328,1288,74),(1329,1289,74),(1330,1290,74),(1331,1291,74),(1332,1292,74),(1333,1293,74),(1334,1294,74),(1335,1295,74),(1336,1296,74),(1337,1297,74),(1338,1298,74),(1339,1299,74),(1340,1300,74),(1341,1301,74),(1342,1302,74),(1343,1303,74),(1344,1304,74),(1345,1305,74),(1346,1306,74),(1347,1307,74),(1348,1308,74),(1349,1309,74),(1350,1310,74),(1351,1311,74),(1352,1312,74),(1353,1313,74),(1354,1314,74),(1355,1315,74),(1356,1316,74),(1357,1317,74),(1358,1318,74),(1359,1319,74),(1360,1320,74),(1361,1321,74),(1362,1322,74),(1363,1323,74),(1364,1324,74),(1365,1325,74),(1366,1326,74),(1367,1327,74),(1368,1328,74),(1369,1329,74),(1370,1330,74),(1371,1331,74),(1372,1332,74),(1373,1333,74),(1374,1334,74),(1375,1335,74),(1376,1336,74),(1377,1337,74),(1378,1338,74),(1379,1339,74),(1380,1340,74),(1381,1341,74),(1382,1342,74),(1383,1343,74),(1384,1344,74),(1385,1345,74),(1386,1346,74),(1387,1347,74),(1388,1348,74),(1390,1349,74),(1391,1350,74),(1392,1351,74),(1393,1352,74),(1394,1353,74),(1395,1354,74),(1396,1355,74),(1397,1356,74),(1398,1357,74),(1399,1358,74),(1400,1359,74),(1401,1360,74),(1402,1361,74),(1403,1362,74),(1404,1363,74),(1405,1364,74),(1406,1365,74),(1407,1366,74),(1408,1367,74),(1409,1368,74),(2494,1369,73),(1410,1369,74),(1411,1370,74),(1412,1371,74),(1413,1372,74),(1414,1373,74),(1415,1374,74),(1416,1375,74),(1417,1376,74),(1418,1377,74),(1419,1378,74),(1420,1379,74),(1421,1380,74),(1422,1381,74),(1423,1382,74),(1424,1383,74),(1425,1384,74),(1426,1385,74),(1427,1386,74),(1428,1387,74),(1429,1388,74),(1430,1389,74),(1431,1390,74),(1432,1391,74),(1433,1392,74),(1434,1393,74),(1435,1394,74),(1436,1395,74),(1437,1396,74),(1438,1397,74),(1439,1398,74),(1440,1399,74),(1441,1400,74),(1442,1401,74),(1443,1402,74),(1444,1403,74),(1445,1404,74),(1446,1405,74),(1447,1406,74),(1448,1407,74),(1449,1408,74),(1450,1409,74),(1451,1410,74),(1452,1411,74),(1453,1412,74),(1454,1413,74),(1455,1414,74),(1456,1415,74),(1457,1416,74),(1458,1417,74),(1459,1418,74),(1460,1419,74),(1461,1420,74),(1462,1421,74),(1463,1422,74),(1464,1423,74),(1465,1424,74),(1466,1425,74),(1467,1426,74),(1468,1427,74),(1469,1428,74),(1470,1429,74),(1471,1430,74),(1472,1431,74),(1473,1432,74),(1474,1433,74),(1475,1434,74),(1476,1435,74),(1477,1436,74),(1479,1437,74),(1480,1438,74),(1481,1439,74),(1482,1440,74),(1483,1441,74),(1484,1442,74),(1485,1443,74),(1486,1444,74),(1487,1445,74),(1488,1446,74),(1489,1447,74),(1490,1448,74),(1491,1449,74),(1492,1450,74),(1493,1451,74),(1494,1452,74),(1495,1453,74),(1496,1454,74),(1497,1455,74),(1498,1456,74),(1499,1457,74),(1500,1458,74),(1501,1459,74),(1502,1460,74),(1503,1461,74),(1504,1462,74),(1505,1463,74),(1506,1464,74),(1507,1465,74),(1508,1466,74),(1510,1467,74),(1809,1468,58),(1511,1468,74),(1512,1469,74),(1811,1470,58),(1513,1470,74),(1514,1471,74),(1515,1472,74),(1516,1473,74),(1517,1474,74),(1518,1475,74),(1519,1476,74),(1520,1477,74),(1521,1478,74),(1522,1479,74),(1523,1480,74),(1524,1481,74),(1525,1482,74),(1526,1483,74),(1527,1484,74),(1528,1485,74),(1529,1486,74),(1530,1487,74),(1531,1488,74),(1532,1489,74),(1533,1490,74),(1534,1491,74),(1535,1492,74),(1536,1493,74),(1539,1494,74),(1540,1495,74),(1541,1496,74),(1542,1497,74),(1543,1498,74),(1544,1499,74),(1545,1500,74),(1546,1501,74),(1547,1502,74),(1548,1503,74),(1549,1504,74),(1550,1505,74),(1551,1506,74),(1552,1507,74),(1553,1508,74),(1554,1509,74),(1555,1510,74),(1556,1511,74),(1557,1512,74),(1558,1513,74),(1559,1514,74),(1560,1515,74),(1561,1516,74),(1562,1517,74),(1563,1518,74),(1564,1519,74),(1565,1520,74),(1566,1521,74),(1567,1522,74),(1568,1523,74),(1569,1524,74),(1570,1525,74),(1571,1526,74),(1572,1527,74),(1573,1528,74),(1574,1529,74),(1575,1530,74),(1576,1531,74),(1577,1532,74),(1578,1533,74),(1579,1534,74),(1580,1535,74),(1581,1536,74),(1582,1537,74),(1583,1538,74),(1584,1539,74),(1585,1540,74),(1586,1541,74),(1587,1542,74),(1588,1543,74),(1589,1544,74),(1590,1545,74),(1591,1546,74),(1592,1547,74),(1593,1548,74),(1594,1549,74),(1595,1550,74),(1596,1551,74),(1597,1552,74),(1598,1553,74),(1599,1554,74),(1601,1555,74),(1602,1556,74),(1603,1557,74),(1604,1558,74),(1605,1559,74),(1606,1560,74),(1607,1561,74),(1608,1562,74),(1609,1563,74),(1610,1564,74),(1611,1565,74),(1612,1566,74),(1613,1567,74),(1614,1568,74),(1615,1569,74),(1616,1570,74),(1617,1571,74),(1618,1572,74),(1619,1573,74),(1620,1574,74),(1621,1575,74),(1622,1576,74),(1623,1577,74),(1624,1578,74),(1625,1579,74),(1626,1580,74),(1627,1581,74),(1628,1582,74),(1629,1583,74),(1630,1584,74),(1631,1585,74),(1632,1586,74),(1633,1587,74),(1634,1588,74),(1635,1589,74),(1636,1590,74),(1637,1591,74),(1638,1592,74),(1639,1593,74),(1640,1594,74),(1641,1595,74),(1642,1596,74),(1643,1597,74),(1644,1598,74),(1645,1599,74),(1646,1600,74),(1647,1601,74),(1648,1602,74),(1649,1603,74),(1650,1604,74),(1651,1605,74),(1652,1606,74),(1653,1607,74),(1654,1608,74),(1655,1609,74),(1657,1610,74),(1658,1611,74),(1659,1612,74),(1660,1613,74),(1661,1614,74),(1662,1615,74),(1663,1616,74),(1664,1617,74),(1665,1618,74),(1666,1619,74),(1667,1620,74),(1668,1621,74),(1669,1622,74),(1670,1623,74),(1671,1624,74),(1673,1625,74),(2156,1626,65),(2418,1626,73),(1674,1626,74),(1675,1627,74),(1676,1628,74),(1677,1629,74),(1678,1630,74),(1679,1631,74),(1680,1632,74),(1681,1633,74),(1682,1634,74),(1683,1635,74),(1684,1636,74),(1685,1637,74),(1686,1638,74),(1687,1639,74),(1688,1640,74),(1690,1641,74),(1691,1642,74),(1692,1643,74),(1693,1644,74),(2408,1644,79),(1694,1645,74),(1695,1646,74),(1696,1647,74),(1757,1648,58),(1697,1648,74),(1698,1649,74),(1699,1650,74),(1700,1651,74),(1702,1652,74),(1703,1653,74),(1704,1654,74),(1705,1655,74),(1706,1656,74),(1707,1657,74),(1708,1658,74),(1709,1659,74),(1710,1660,74),(1711,1661,74),(1712,1662,74),(1713,1663,74),(1714,1664,74),(1715,1665,74),(1716,1666,74),(1717,1667,74),(1718,1668,74),(1719,1669,74),(1720,1670,74),(1721,1671,74),(1722,1672,74),(2864,1672,91),(1723,1673,74),(1724,1674,74),(1725,1675,74),(1737,1675,75),(1726,1676,74),(1727,1677,75),(1728,1678,75),(1729,1679,75),(1730,1680,75),(1731,1681,75),(1732,1682,75),(1733,1683,75),(1735,1684,75),(1736,1685,75),(1738,1686,75),(1739,1687,75),(1740,1688,75),(1741,1689,75),(1742,1690,75),(1743,1691,75),(1744,1692,58),(1745,1693,58),(1746,1694,58),(1747,1695,58),(1748,1696,58),(1749,1697,58),(1751,1698,58),(1752,1699,58),(1753,1700,58),(1754,1701,58),(1755,1702,58),(1756,1703,58),(1758,1704,58),(1759,1705,58),(1760,1706,58),(1761,1707,58),(1762,1708,58),(1763,1709,58),(1764,1710,58),(1765,1711,58),(1766,1712,58),(1767,1713,58),(1768,1714,58),(1769,1715,58),(1770,1716,58),(1771,1717,58),(1772,1718,58),(1773,1719,58),(1774,1720,58),(1775,1721,58),(1776,1722,58),(1777,1723,58),(1778,1724,58),(1779,1725,58),(1780,1726,58),(1781,1727,58),(1782,1728,58),(1784,1729,58),(1785,1730,58),(1786,1731,58),(1787,1732,58),(1788,1733,58),(1789,1734,58),(1790,1735,58),(1791,1736,58),(1792,1737,58),(1793,1738,58),(1794,1739,58),(1795,1740,58),(1796,1741,58),(1797,1742,58),(1798,1743,58),(1801,1744,58),(1802,1745,58),(3025,1745,91),(1803,1746,58),(1804,1747,58),(1805,1748,58),(1806,1749,58),(1807,1750,58),(1808,1751,58),(1810,1752,58),(1812,1753,58),(1813,1754,58),(1814,1755,58),(1815,1756,58),(1816,1757,58),(1817,1758,58),(1818,1759,58),(1819,1760,58),(1820,1761,58),(1821,1762,58),(1822,1763,73),(1823,1764,73),(1824,1765,73),(1825,1766,73),(1826,1767,73),(1827,1768,73),(1828,1769,73),(1829,1770,73),(1830,1771,73),(1831,1772,73),(1832,1773,73),(1833,1774,73),(1834,1775,73),(1835,1776,73),(1836,1777,73),(1837,1778,73),(1838,1779,73),(1839,1780,73),(1840,1781,73),(1841,1782,73),(1842,1783,73),(1843,1784,73),(1844,1785,73),(1845,1786,73),(1846,1787,73),(1847,1788,73),(1848,1789,73),(1849,1790,73),(1850,1791,73),(1851,1792,73),(1852,1793,73),(1853,1794,73),(1854,1795,73),(1855,1796,73),(1856,1797,73),(1857,1798,73),(1858,1799,76),(1859,1800,76),(1860,1801,76),(1861,1802,76),(1862,1803,76),(2311,1804,63),(1863,1804,76),(1864,1805,76),(1865,1806,76),(1866,1807,76),(1867,1808,76),(1868,1809,76),(1869,1810,76),(1870,1811,76),(1871,1812,76),(1872,1813,76),(1873,1814,73),(1874,1815,73),(2944,1815,91),(1875,1816,73),(1876,1817,73),(2351,1818,63),(1877,1818,73),(1878,1819,73),(1879,1820,73),(1880,1821,73),(1881,1822,73),(1882,1823,73),(1883,1824,77),(2571,1824,87),(2800,1824,91),(2199,1825,65),(1884,1825,77),(2472,1825,84),(2820,1825,91),(1886,1826,77),(3192,1826,91),(1887,1827,77),(2795,1827,91),(2265,1828,67),(1890,1828,77),(2454,1828,84),(2547,1828,87),(2586,1828,90),(3213,1828,91),(2267,1829,67),(1891,1829,77),(2545,1829,87),(1892,1830,77),(1893,1831,77),(1897,1832,79),(2659,1832,87),(2697,1832,91),(1899,1833,61),(3037,1833,91),(1900,1834,61),(2791,1834,91),(1901,1835,79),(1904,1836,79),(1905,1837,79),(1908,1838,79),(2607,1838,90),(2937,1838,91),(1910,1839,79),(2704,1839,91),(1911,1840,79),(1912,1841,79),(1913,1842,79),(1914,1843,79),(1915,1844,79),(1917,1845,79),(1918,1846,60),(2390,1846,83),(1919,1847,80),(1920,1848,80),(1921,1849,80),(1922,1850,80),(1923,1851,80),(1924,1852,80),(1925,1853,80),(1926,1854,80),(1927,1855,80),(1928,1856,80),(2901,1856,91),(1929,1857,80),(1930,1858,80),(1931,1859,79),(1932,1860,79),(1933,1861,79),(1934,1862,79),(1935,1863,79),(1937,1864,79),(1938,1865,79),(2922,1865,91),(2115,1866,67),(1942,1866,79),(1943,1867,79),(2902,1867,91),(1944,1868,79),(2385,1868,83),(2302,1869,63),(1945,1869,79),(3268,1869,91),(1946,1870,79),(1947,1871,79),(1948,1872,79),(1950,1873,79),(1951,1874,81),(1952,1875,81),(1953,1876,81),(1954,1877,81),(1955,1878,81),(1956,1879,81),(1957,1880,81),(1958,1881,81),(1959,1882,81),(1960,1883,81),(1961,1884,82),(2224,1885,67),(1962,1885,82),(1963,1886,72),(1964,1887,72),(1965,1888,72),(2300,1889,63),(1966,1889,72),(3105,1889,91),(1967,1890,72),(2284,1890,83),(2529,1891,63),(1969,1891,72),(3219,1891,91),(2531,1892,63),(1971,1892,72),(3108,1892,91),(1972,1893,72),(3028,1893,91),(1973,1894,72),(2764,1894,91),(1974,1895,72),(1975,1896,72),(1976,1897,72),(1977,1898,72),(1978,1899,72),(2221,1900,67),(1979,1900,72),(1980,1901,72),(1981,1902,72),(1982,1903,72),(1983,1904,72),(2244,1905,67),(1984,1905,72),(1986,1906,72),(1987,1907,72),(1988,1908,72),(2307,1909,63),(1989,1909,72),(2453,1909,84),(2815,1909,91),(1990,1910,72),(1991,1911,72),(1992,1912,72),(1993,1913,72),(2501,1913,79),(2642,1913,90),(3207,1913,91),(1995,1914,72),(2811,1914,91),(2593,1915,64),(1996,1915,72),(1997,1916,72),(1998,1917,72),(2000,1918,72),(2001,1919,72),(2002,1920,72),(2003,1921,72),(2004,1922,72),(3034,1922,91),(2005,1923,72),(2006,1924,72),(2007,1925,72),(2008,1926,72),(2009,1927,72),(2010,1928,72),(2011,1929,72),(3282,1929,91),(2013,1930,72),(2014,1931,72),(2016,1932,72),(2017,1933,72),(2018,1934,72),(2019,1935,72),(2020,1936,72),(2758,1936,91),(2021,1937,72),(2022,1938,72),(2023,1939,72),(2024,1940,72),(2025,1941,61),(2026,1942,61),(2027,1943,61),(2028,1944,61),(2029,1945,61),(2030,1946,61),(2031,1947,61),(2032,1948,61),(2033,1949,61),(2034,1950,61),(2035,1951,61),(2036,1952,61),(2037,1953,61),(2040,1954,67),(2041,1955,83),(2042,1956,83),(2043,1957,83),(2044,1958,83),(2045,1959,83),(2046,1960,83),(2047,1961,83),(2048,1962,83),(2052,1963,67),(2727,1963,91),(2053,1964,67),(2979,1964,91),(2054,1965,67),(2766,1965,91),(2058,1966,67),(2059,1967,67),(2060,1968,67),(2061,1969,67),(2064,1970,67),(2065,1971,67),(2066,1972,67),(2067,1973,59),(2246,1973,67),(2475,1973,84),(2721,1973,91),(2070,1974,61),(2838,1974,91),(2071,1975,61),(3092,1975,91),(2072,1976,61),(2073,1977,61),(2074,1978,61),(2075,1979,61),(2076,1980,61),(2077,1981,61),(2078,1982,61),(2079,1983,61),(2080,1984,61),(2081,1985,61),(2082,1986,61),(2083,1987,61),(2084,1988,61),(2085,1989,61),(2086,1990,61),(2087,1991,61),(2088,1992,61),(2089,1993,61),(2090,1994,61),(2091,1995,81),(2092,1996,81),(2093,1997,81),(2094,1998,81),(2095,1999,81),(2096,2000,81),(2097,2001,67),(2098,2002,67),(2099,2003,67),(2101,2004,67),(2102,2005,67),(2323,2006,63),(2103,2006,67),(2104,2007,67),(2105,2008,67),(2106,2009,67),(2753,2009,91),(2108,2010,67),(2109,2011,67),(2476,2011,84),(2755,2011,91),(2110,2012,67),(2111,2013,67),(2112,2014,67),(2113,2015,67),(2114,2016,67),(2116,2017,67),(2117,2018,65),(2118,2019,65),(2119,2020,65),(2120,2021,65),(3163,2021,91),(2121,2022,65),(3126,2022,91),(2124,2023,65),(2132,2024,65),(2574,2024,88),(2134,2025,65),(2445,2025,84),(2135,2026,65),(3109,2026,91),(2139,2027,65),(2446,2027,84),(2143,2028,65),(2144,2029,65),(2145,2030,65),(2149,2031,65),(3229,2031,91),(2150,2032,65),(3131,2032,91),(2151,2033,65),(2667,2033,91),(2152,2034,65),(2154,2035,65),(2158,2036,65),(2613,2036,90),(2159,2037,65),(3120,2037,91),(2160,2038,65),(2161,2039,65),(2162,2040,65),(2163,2041,65),(3080,2041,91),(2164,2042,65),(3146,2042,91),(2165,2043,65),(3106,2043,91),(2166,2044,65),(3083,2044,91),(2167,2045,65),(3157,2045,91),(2168,2046,65),(2589,2046,90),(2169,2047,65),(2550,2047,87),(3145,2047,91),(2170,2048,65),(3095,2048,91),(2171,2049,65),(2172,2050,65),(2173,2051,65),(2174,2052,65),(2175,2053,65),(2176,2054,65),(3084,2054,91),(2177,2055,65),(2178,2056,65),(2383,2057,61),(2179,2057,65),(2180,2058,65),(3063,2058,91),(2181,2059,65),(3162,2059,91),(2183,2060,65),(2620,2061,64),(2184,2061,65),(2380,2062,61),(2185,2062,65),(3218,2062,91),(2186,2063,65),(2187,2064,65),(2188,2065,65),(2189,2066,65),(2831,2066,91),(2190,2067,65),(2689,2067,91),(2191,2068,65),(2192,2069,65),(2193,2070,65),(2197,2071,65),(2198,2072,65),(2201,2073,65),(2202,2074,65),(2203,2075,65),(2241,2075,79),(2204,2076,65),(2206,2077,65),(2207,2078,65),(3032,2078,91),(2208,2079,65),(2209,2080,65),(2210,2081,65),(2567,2081,87),(2212,2082,67),(2213,2083,67),(2569,2083,87),(2787,2083,91),(2214,2084,67),(2215,2085,67),(2216,2086,67),(2217,2087,67),(2218,2088,67),(2219,2089,67),(2220,2090,67),(2222,2091,67),(2223,2092,67),(2225,2093,67),(2226,2094,67),(2227,2095,67),(2228,2096,67),(2229,2097,67),(2230,2098,67),(2231,2099,67),(2232,2100,67),(2233,2101,67),(2234,2102,67),(2235,2103,67),(2236,2104,67),(2237,2105,67),(2238,2106,67),(2239,2107,67),(2242,2108,67),(2411,2108,79),(2245,2109,67),(2742,2109,91),(2640,2110,59),(2432,2110,64),(2247,2110,67),(2761,2110,91),(2248,2111,67),(2249,2112,67),(2250,2113,67),(2251,2114,67),(2252,2115,67),(2253,2116,67),(2254,2117,67),(2255,2118,67),(2256,2119,67),(2257,2120,67),(2258,2121,67),(2259,2122,67),(2261,2123,67),(2978,2123,91),(2617,2124,64),(2262,2124,67),(2268,2125,67),(3211,2125,91),(2269,2126,67),(2270,2127,67),(2271,2128,67),(2272,2129,67),(2273,2130,61),(2661,2130,91),(2274,2131,61),(2276,2132,61),(2910,2132,91),(2279,2133,61),(2834,2133,91),(2280,2134,61),(3003,2134,91),(2281,2135,61),(2822,2135,91),(2282,2136,61),(2949,2136,91),(2283,2137,61),(2285,2138,83),(2286,2139,83),(2287,2140,83),(2288,2141,83),(2289,2142,83),(2290,2143,83),(2291,2144,83),(3087,2144,91),(2292,2145,83),(2293,2146,83),(2294,2147,63),(2860,2147,91),(2295,2148,63),(3061,2148,91),(2296,2149,63),(3167,2149,91),(2298,2150,63),(3016,2150,91),(2299,2151,63),(3285,2151,91),(2301,2152,63),(3267,2152,91),(2303,2153,63),(3287,2153,91),(2304,2154,63),(2709,2154,91),(2309,2155,63),(2959,2155,91),(2310,2156,63),(2483,2156,84),(3164,2156,91),(2312,2157,63),(2313,2158,63),(2314,2159,63),(2315,2160,63),(2316,2161,63),(2317,2162,63),(2318,2163,63),(2319,2164,63),(2320,2165,63),(2321,2166,63),(2322,2167,63),(2325,2168,63),(2326,2169,63),(2327,2170,63),(2328,2171,63),(2330,2172,63),(2331,2173,63),(2332,2174,63),(2333,2175,63),(2335,2176,63),(2336,2177,63),(2337,2178,63),(2338,2179,63),(2340,2180,63),(2342,2181,63),(2343,2182,63),(2344,2183,63),(2345,2184,63),(2346,2185,63),(2347,2186,63),(2348,2187,63),(2349,2188,63),(2350,2189,63),(2353,2190,63),(2354,2191,63),(2356,2192,63),(2357,2193,63),(2358,2194,63),(2359,2195,63),(2360,2196,63),(2361,2197,63),(2362,2198,73),(2363,2199,73),(2364,2200,73),(2365,2201,73),(2366,2202,73),(2948,2202,91),(2367,2203,73),(2368,2204,73),(2369,2205,73),(2370,2206,73),(2372,2207,73),(2373,2208,73),(2374,2209,73),(2375,2210,73),(2377,2211,73),(2378,2212,73),(2379,2213,73),(2381,2214,61),(2466,2214,84),(3256,2214,91),(2384,2215,83),(2386,2216,83),(2387,2217,83),(2388,2218,83),(2389,2219,83),(2974,2219,91),(2391,2220,83),(2392,2221,83),(2393,2222,83),(2394,2223,83),(2395,2224,83),(2523,2225,63),(2396,2225,83),(2929,2225,91),(2397,2226,61),(2398,2227,79),(2399,2228,79),(2400,2229,79),(2402,2230,79),(2403,2231,79),(2404,2232,79),(2405,2233,79),(2406,2234,79),(2407,2235,79),(2409,2236,79),(2410,2237,79),(2413,2238,79),(2415,2239,79),(2416,2240,73),(2417,2241,73),(2833,2241,91),(2419,2242,73),(2420,2243,73),(2421,2244,73),(2422,2245,73),(2423,2246,73),(2424,2247,73),(2425,2248,73),(2632,2249,59),(2426,2249,64),(2724,2249,91),(2633,2250,59),(2427,2250,64),(2826,2250,91),(2428,2251,64),(3014,2251,91),(2638,2252,59),(2429,2252,64),(3021,2252,91),(2430,2253,64),(2776,2253,91),(2431,2254,64),(3182,2254,91),(2433,2255,64),(2435,2256,61),(2440,2257,84),(2441,2258,84),(2442,2259,84),(2444,2260,84),(2447,2261,84),(2450,2262,84),(2842,2262,91),(2452,2263,84),(2870,2263,91),(2455,2264,84),(2816,2264,91),(2457,2265,84),(2835,2265,91),(2458,2266,84),(2459,2267,84),(2461,2268,84),(2905,2268,91),(2463,2269,84),(2464,2270,84),(2465,2271,84),(2467,2272,84),(2468,2273,84),(2469,2274,84),(2470,2275,84),(2862,2275,91),(2471,2276,84),(3125,2276,91),(2473,2277,84),(2920,2277,91),(2477,2278,84),(2478,2279,84),(2479,2280,84),(2480,2281,84),(2481,2282,84),(2482,2283,84),(2484,2284,84),(2485,2285,84),(2486,2286,84),(2487,2287,84),(2615,2287,90),(3243,2287,91),(2488,2288,84),(2489,2289,84),(2492,2290,73),(2493,2291,73),(2495,2292,73),(2496,2293,73),(2497,2294,79),(2498,2295,79),(2499,2296,79),(2500,2297,60),(2506,2298,79),(2507,2299,85),(2508,2300,85),(2509,2301,85),(2510,2302,85),(2511,2303,85),(2512,2304,85),(2513,2305,85),(2514,2306,85),(2515,2307,85),(2516,2308,85),(2520,2309,86),(2521,2310,86),(2522,2311,86),(2525,2312,63),(2526,2313,63),(2527,2314,63),(2528,2315,63),(2532,2316,63),(2535,2317,63),(3114,2317,91),(2537,2318,63),(2538,2319,63),(2539,2320,63),(2540,2321,63),(2541,2322,63),(2542,2323,63),(2544,2324,63),(3235,2324,91),(2549,2325,87),(2694,2325,91),(2551,2326,87),(2552,2327,63),(3221,2327,91),(2554,2328,63),(3193,2328,91),(2555,2329,63),(2927,2329,91),(2557,2330,63),(2558,2331,63),(2559,2332,63),(2561,2333,87),(2563,2334,87),(2566,2335,87),(2572,2336,87),(2573,2337,88),(2575,2338,88),(2576,2339,89),(2579,2340,90),(2768,2340,91),(2580,2341,90),(2772,2341,91),(2583,2342,90),(2585,2343,90),(3215,2343,91),(2587,2344,90),(2588,2345,90),(2590,2346,90),(2591,2347,90),(2592,2348,64),(2594,2349,90),(3029,2349,91),(2595,2350,90),(3052,2350,91),(2596,2351,90),(2597,2352,90),(2598,2353,90),(2600,2354,90),(2601,2355,90),(2602,2356,90),(2603,2357,90),(2604,2358,90),(2608,2359,90),(3171,2359,91),(2609,2360,90),(3195,2360,91),(2610,2361,90),(2611,2362,90),(2612,2363,90),(3249,2363,91),(2614,2364,90),(2616,2365,64),(2618,2366,64),(2619,2367,64),(2621,2368,64),(2622,2369,64),(2971,2369,91),(2623,2370,64),(2624,2371,64),(2625,2372,61),(2626,2373,61),(2943,2373,91),(2628,2374,61),(2630,2375,81),(2645,2376,90),(3258,2376,91),(2646,2377,90),(2993,2377,91),(2648,2378,90),(3004,2378,91),(2651,2379,87),(3007,2379,91),(2652,2380,87),(3259,2380,91),(2653,2381,87),(3188,2381,91),(2658,2382,87),(2855,2382,91),(2663,2383,91),(2665,2384,91),(2666,2385,91),(2668,2386,91),(2669,2387,91),(2671,2388,91),(2672,2389,91),(2673,2390,91),(2679,2391,91),(2680,2392,91),(2681,2393,91),(2684,2394,91),(2685,2395,91),(2690,2396,91),(2693,2397,91),(2695,2398,91),(2696,2399,91),(2701,2400,91),(2702,2401,91),(2703,2402,91),(2706,2403,91),(2707,2404,91),(2713,2405,91),(2715,2406,91),(2717,2407,91),(2718,2408,91),(2720,2409,91),(2722,2410,91),(2725,2411,91),(2726,2412,91),(2728,2413,91),(2730,2414,91),(2731,2415,91),(2733,2416,91),(2736,2417,91),(2737,2418,91),(2738,2419,91),(2739,2420,91),(2741,2421,91),(2743,2422,91),(2747,2423,91),(2750,2424,91),(2751,2425,91),(2757,2426,91),(2759,2427,91),(2763,2428,91),(2765,2429,91),(2769,2430,91),(2770,2431,91),(2774,2432,91),(2775,2433,91),(2778,2434,91),(2779,2435,91),(2780,2436,91),(2781,2437,91),(2784,2438,91),(2788,2439,91),(2789,2440,91),(2790,2441,91),(2793,2442,91),(2794,2443,91),(2796,2444,91),(2797,2445,91),(2799,2446,91),(2801,2447,91),(2802,2448,91),(2803,2449,91),(2806,2450,91),(2810,2451,91),(2812,2452,91),(2814,2453,91),(2817,2454,91),(2818,2455,91),(2819,2456,91),(2821,2457,91),(2824,2458,91),(2825,2459,91),(2827,2460,91),(2829,2461,91),(2830,2462,91),(2836,2463,91),(2837,2464,91),(2839,2465,91),(2840,2466,91),(2843,2467,91),(2848,2468,91),(2849,2469,91),(2850,2470,91),(2852,2471,91),(2853,2472,91),(2854,2473,91),(2856,2474,91),(2857,2475,91),(2858,2476,91),(2861,2477,91),(2866,2478,91),(2867,2479,91),(2869,2480,91),(2873,2481,91),(2874,2482,91),(2875,2483,91),(2876,2484,91),(2877,2485,91),(2878,2486,91),(2879,2487,91),(2880,2488,91),(2881,2489,91),(2882,2490,91),(2883,2491,91),(2884,2492,91),(2885,2493,91),(2886,2494,91),(2887,2495,91),(2888,2496,91),(2889,2497,91),(2890,2498,91),(2891,2499,91),(2892,2500,91),(2893,2501,91),(2894,2502,91),(2895,2503,91),(2896,2504,91),(2897,2505,91),(2898,2506,91),(2899,2507,91),(2900,2508,91),(2903,2509,91),(2904,2510,91),(2906,2511,91),(2907,2512,91),(2908,2513,91),(2909,2514,91),(2911,2515,91),(2912,2516,91),(2913,2517,91),(2914,2518,91),(2915,2519,91),(2917,2520,91),(2918,2521,91),(2919,2522,91),(2921,2523,91),(2923,2524,91),(2924,2525,91),(2925,2526,91),(2928,2527,91),(2930,2528,91),(2931,2529,91),(2932,2530,91),(2933,2531,91),(2934,2532,91),(2936,2533,91),(2938,2534,91),(2939,2535,91),(2940,2536,91),(2941,2537,91),(2942,2538,91),(2945,2539,91),(2946,2540,91),(2947,2541,91),(2951,2542,91),(2952,2543,91),(2953,2544,91),(2954,2545,91),(2955,2546,91),(2957,2547,91),(2960,2548,91),(2961,2549,91),(2962,2550,91),(2963,2551,91),(2964,2552,91),(2965,2553,91),(2966,2554,91),(2967,2555,91),(2968,2556,91),(2969,2557,91),(2970,2558,91),(2973,2559,91),(2975,2560,91),(2976,2561,91),(2977,2562,91),(2980,2563,91),(2981,2564,91),(2982,2565,91),(2983,2566,91),(2985,2567,91),(2986,2568,91),(2987,2569,91),(2988,2570,91),(2991,2571,91),(2992,2572,91),(2994,2573,91),(2995,2574,91),(2996,2575,91),(2997,2576,91),(2998,2577,91),(2999,2578,91),(3000,2579,91),(3001,2580,91),(3002,2581,91),(3005,2582,91),(3006,2583,91),(3008,2584,91),(3009,2585,91),(3010,2586,91),(3011,2587,91),(3013,2588,91),(3015,2589,91),(3017,2590,91),(3018,2591,91),(3019,2592,91),(3020,2593,91),(3022,2594,91),(3026,2595,91),(3027,2596,91),(3031,2597,91),(3035,2598,91),(3036,2599,91),(3038,2600,91),(3039,2601,91),(3042,2602,91),(3043,2603,91),(3046,2604,91),(3047,2605,91),(3048,2606,91),(3049,2607,91),(3050,2608,91),(3053,2609,91),(3054,2610,91),(3055,2611,91),(3056,2612,91),(3057,2613,91),(3058,2614,91),(3059,2615,91),(3060,2616,91),(3062,2617,91),(3064,2618,91),(3065,2619,91),(3066,2620,91),(3067,2621,91),(3068,2622,91),(3069,2623,91),(3070,2624,91),(3071,2625,91),(3072,2626,91),(3073,2627,91),(3074,2628,91),(3075,2629,91),(3076,2630,91),(3077,2631,91),(3079,2632,91),(3081,2633,91),(3082,2634,91),(3085,2635,91),(3086,2636,91),(3088,2637,91),(3089,2638,91),(3090,2639,91),(3091,2640,91),(3093,2641,91),(3096,2642,91),(3097,2643,91),(3098,2644,91),(3099,2645,91),(3101,2646,91),(3102,2647,91),(3103,2648,91),(3104,2649,91),(3107,2650,91),(3110,2651,91),(3111,2652,91),(3112,2653,91),(3113,2654,91),(3115,2655,91),(3116,2656,91),(3117,2657,91),(3118,2658,91),(3119,2659,91),(3122,2660,91),(3124,2661,91),(3127,2662,91),(3128,2663,91),(3130,2664,91),(3132,2665,91),(3133,2666,91),(3135,2667,91),(3136,2668,91),(3137,2669,91),(3138,2670,91),(3139,2671,91),(3140,2672,91),(3142,2673,91),(3143,2674,91),(3144,2675,91),(3148,2676,91),(3149,2677,91),(3150,2678,91),(3151,2679,91),(3152,2680,91),(3153,2681,91),(3154,2682,91),(3155,2683,91),(3156,2684,91),(3158,2685,91),(3159,2686,91),(3161,2687,91),(3165,2688,91),(3166,2689,91),(3168,2690,91),(3169,2691,91),(3170,2692,91),(3172,2693,91),(3173,2694,91),(3174,2695,91),(3175,2696,91),(3176,2697,91),(3177,2698,91),(3178,2699,91),(3179,2700,91),(3181,2701,91),(3183,2702,91),(3184,2703,91),(3185,2704,91),(3186,2705,91),(3187,2706,91),(3189,2707,91),(3190,2708,91),(3194,2709,91),(3196,2710,91),(3197,2711,91),(3198,2712,91),(3199,2713,91),(3200,2714,91),(3201,2715,91),(3202,2716,91),(3203,2717,91),(3204,2718,91),(3205,2719,91),(3206,2720,91),(3208,2721,91),(3209,2722,91),(3210,2723,91),(3212,2724,91),(3214,2725,91),(3216,2726,91),(3217,2727,91),(3222,2728,91),(3223,2729,91),(3224,2730,91),(3225,2731,91),(3226,2732,91),(3230,2733,91),(3232,2734,91),(3233,2735,91),(3234,2736,91),(3237,2737,91),(3238,2738,91),(3239,2739,91),(3240,2740,91),(3241,2741,91),(3242,2742,91),(3244,2743,91),(3245,2744,91),(3248,2745,91),(3250,2746,91),(3254,2747,91),(3257,2748,91),(3260,2749,91),(3261,2750,91),(3263,2751,91),(3264,2752,91),(3265,2753,91),(3269,2754,91),(3271,2755,91),(3272,2756,91),(3273,2757,91),(3274,2758,91),(3275,2759,91),(3276,2760,91),(3277,2761,91),(3278,2762,91),(3281,2763,91),(3284,2764,91),(3286,2765,91),(3289,2766,91),(3290,2767,91),(3291,2768,91);
/*!40000 ALTER TABLE `ieeetags_node_societies` ENABLE KEYS */;
UNLOCK TABLES;

--
-- Table structure for table `ieeetags_nodetype`
--

DROP TABLE IF EXISTS `ieeetags_nodetype`;
SET @saved_cs_client     = @@character_set_client;
SET character_set_client = utf8;
CREATE TABLE `ieeetags_nodetype` (
  `id` int(11) NOT NULL auto_increment,
  `name` varchar(50) NOT NULL,
  PRIMARY KEY  (`id`)
) ENGINE=InnoDB AUTO_INCREMENT=5 DEFAULT CHARSET=latin1;
SET character_set_client = @saved_cs_client;

--
-- Dumping data for table `ieeetags_nodetype`
--

LOCK TABLES `ieeetags_nodetype` WRITE;
/*!40000 ALTER TABLE `ieeetags_nodetype` DISABLE KEYS */;
INSERT INTO `ieeetags_nodetype` VALUES (1,'root'),(2,'sector'),(3,'tag'),(4,'tag_cluster');
/*!40000 ALTER TABLE `ieeetags_nodetype` ENABLE KEYS */;
UNLOCK TABLES;

--
-- Table structure for table `ieeetags_permission`
--

DROP TABLE IF EXISTS `ieeetags_permission`;
SET @saved_cs_client     = @@character_set_client;
SET character_set_client = utf8;
CREATE TABLE `ieeetags_permission` (
  `id` int(11) NOT NULL auto_increment,
  `user_id` int(11) NOT NULL,
  `object_type_id` int(11) NOT NULL,
  `object_id` int(10) unsigned NOT NULL,
  `permission_type` varchar(1000) NOT NULL,
  PRIMARY KEY  (`id`),
  KEY `ieeetags_permission_user_id` (`user_id`),
  KEY `ieeetags_permission_object_type_id` (`object_type_id`),
  CONSTRAINT `object_type_id_refs_id_618b7840` FOREIGN KEY (`object_type_id`) REFERENCES `django_content_type` (`id`),
  CONSTRAINT `user_id_refs_id_51c9aa44` FOREIGN KEY (`user_id`) REFERENCES `auth_user` (`id`)
) ENGINE=InnoDB DEFAULT CHARSET=latin1;
SET character_set_client = @saved_cs_client;

--
-- Dumping data for table `ieeetags_permission`
--

LOCK TABLES `ieeetags_permission` WRITE;
/*!40000 ALTER TABLE `ieeetags_permission` DISABLE KEYS */;
/*!40000 ALTER TABLE `ieeetags_permission` ENABLE KEYS */;
UNLOCK TABLES;

--
-- Table structure for table `ieeetags_profile`
--

DROP TABLE IF EXISTS `ieeetags_profile`;
SET @saved_cs_client     = @@character_set_client;
SET character_set_client = utf8;
CREATE TABLE `ieeetags_profile` (
  `id` int(11) NOT NULL auto_increment,
  `user_id` int(11) NOT NULL,
  `role` varchar(1000) NOT NULL,
  `reset_key` varchar(1000) default NULL,
  PRIMARY KEY  (`id`),
  UNIQUE KEY `user_id` (`user_id`),
  CONSTRAINT `user_id_refs_id_5285cb49` FOREIGN KEY (`user_id`) REFERENCES `auth_user` (`id`)
) ENGINE=InnoDB AUTO_INCREMENT=4 DEFAULT CHARSET=latin1;
SET character_set_client = @saved_cs_client;

--
-- Dumping data for table `ieeetags_profile`
--

LOCK TABLES `ieeetags_profile` WRITE;
/*!40000 ALTER TABLE `ieeetags_profile` DISABLE KEYS */;
INSERT INTO `ieeetags_profile` VALUES (1,1,'admin',NULL),(2,2,'society_manager',NULL),(3,3,'society_manager',NULL);
/*!40000 ALTER TABLE `ieeetags_profile` ENABLE KEYS */;
UNLOCK TABLES;

--
-- Table structure for table `ieeetags_resource`
--

DROP TABLE IF EXISTS `ieeetags_resource`;
SET @saved_cs_client     = @@character_set_client;
SET character_set_client = utf8;
CREATE TABLE `ieeetags_resource` (
  `id` int(11) NOT NULL auto_increment,
  `resource_type_id` int(11) NOT NULL,
  `ieee_id` varchar(500) default NULL,
  `name` varchar(500) NOT NULL,
  `description` varchar(1000) NOT NULL,
  `url` varchar(1000) NOT NULL,
  `year` int(11) default NULL,
  `standard_status` varchar(100) NOT NULL,
  `priority_to_tag` tinyint(1) NOT NULL,
  PRIMARY KEY  (`id`),
  KEY `ieeetags_resource_resource_type_id` (`resource_type_id`),
  CONSTRAINT `resource_type_id_refs_id_21a19251` FOREIGN KEY (`resource_type_id`) REFERENCES `ieeetags_resourcetype` (`id`)
) ENGINE=InnoDB DEFAULT CHARSET=latin1;
SET character_set_client = @saved_cs_client;

--
-- Dumping data for table `ieeetags_resource`
--

LOCK TABLES `ieeetags_resource` WRITE;
/*!40000 ALTER TABLE `ieeetags_resource` DISABLE KEYS */;
/*!40000 ALTER TABLE `ieeetags_resource` ENABLE KEYS */;
UNLOCK TABLES;

--
-- Table structure for table `ieeetags_resource_nodes`
--

DROP TABLE IF EXISTS `ieeetags_resource_nodes`;
SET @saved_cs_client     = @@character_set_client;
SET character_set_client = utf8;
CREATE TABLE `ieeetags_resource_nodes` (
  `id` int(11) NOT NULL auto_increment,
  `resource_id` int(11) NOT NULL,
  `node_id` int(11) NOT NULL,
  PRIMARY KEY  (`id`),
  UNIQUE KEY `resource_id` (`resource_id`,`node_id`),
  KEY `node_id_refs_id_4d52045f` (`node_id`),
  CONSTRAINT `node_id_refs_id_4d52045f` FOREIGN KEY (`node_id`) REFERENCES `ieeetags_node` (`id`),
  CONSTRAINT `resource_id_refs_id_3c53589` FOREIGN KEY (`resource_id`) REFERENCES `ieeetags_resource` (`id`)
) ENGINE=InnoDB DEFAULT CHARSET=latin1;
SET character_set_client = @saved_cs_client;

--
-- Dumping data for table `ieeetags_resource_nodes`
--

LOCK TABLES `ieeetags_resource_nodes` WRITE;
/*!40000 ALTER TABLE `ieeetags_resource_nodes` DISABLE KEYS */;
/*!40000 ALTER TABLE `ieeetags_resource_nodes` ENABLE KEYS */;
UNLOCK TABLES;

--
-- Table structure for table `ieeetags_resource_societies`
--

DROP TABLE IF EXISTS `ieeetags_resource_societies`;
SET @saved_cs_client     = @@character_set_client;
SET character_set_client = utf8;
CREATE TABLE `ieeetags_resource_societies` (
  `id` int(11) NOT NULL auto_increment,
  `resource_id` int(11) NOT NULL,
  `society_id` int(11) NOT NULL,
  PRIMARY KEY  (`id`),
  UNIQUE KEY `resource_id` (`resource_id`,`society_id`),
  KEY `society_id_refs_id_5593f5d1` (`society_id`),
  CONSTRAINT `society_id_refs_id_5593f5d1` FOREIGN KEY (`society_id`) REFERENCES `ieeetags_society` (`id`),
  CONSTRAINT `resource_id_refs_id_2e9a7be4` FOREIGN KEY (`resource_id`) REFERENCES `ieeetags_resource` (`id`)
) ENGINE=InnoDB DEFAULT CHARSET=latin1;
SET character_set_client = @saved_cs_client;

--
-- Dumping data for table `ieeetags_resource_societies`
--

LOCK TABLES `ieeetags_resource_societies` WRITE;
/*!40000 ALTER TABLE `ieeetags_resource_societies` DISABLE KEYS */;
/*!40000 ALTER TABLE `ieeetags_resource_societies` ENABLE KEYS */;
UNLOCK TABLES;

--
-- Table structure for table `ieeetags_resourcetype`
--

DROP TABLE IF EXISTS `ieeetags_resourcetype`;
SET @saved_cs_client     = @@character_set_client;
SET character_set_client = utf8;
CREATE TABLE `ieeetags_resourcetype` (
  `id` int(11) NOT NULL auto_increment,
  `name` varchar(50) NOT NULL,
  PRIMARY KEY  (`id`)
) ENGINE=InnoDB AUTO_INCREMENT=5 DEFAULT CHARSET=latin1;
SET character_set_client = @saved_cs_client;

--
-- Dumping data for table `ieeetags_resourcetype`
--

LOCK TABLES `ieeetags_resourcetype` WRITE;
/*!40000 ALTER TABLE `ieeetags_resourcetype` DISABLE KEYS */;
INSERT INTO `ieeetags_resourcetype` VALUES (1,'conference'),(2,'expert'),(3,'periodical'),(4,'standard');
/*!40000 ALTER TABLE `ieeetags_resourcetype` ENABLE KEYS */;
UNLOCK TABLES;

--
-- Table structure for table `ieeetags_society`
--

DROP TABLE IF EXISTS `ieeetags_society`;
SET @saved_cs_client     = @@character_set_client;
SET character_set_client = utf8;
CREATE TABLE `ieeetags_society` (
  `id` int(11) NOT NULL auto_increment,
  `name` varchar(500) NOT NULL,
  `abbreviation` varchar(20) NOT NULL,
  `url` varchar(1000) NOT NULL,
  PRIMARY KEY  (`id`)
) ENGINE=InnoDB AUTO_INCREMENT=92 DEFAULT CHARSET=latin1;
SET character_set_client = @saved_cs_client;

--
-- Dumping data for table `ieeetags_society`
--

LOCK TABLES `ieeetags_society` WRITE;
/*!40000 ALTER TABLE `ieeetags_society` DISABLE KEYS */;
INSERT INTO `ieeetags_society` VALUES (57,'Product Safety Engineering','PSE',''),(58,'Sensors Council','SEN',''),(59,'Control Systems','CS',''),(60,'Social Implications of Technology','SIT',''),(61,'Power Electronics','PEL',''),(62,'Consumer Electronics','CE',''),(63,'Reliability','R',''),(64,'Council on Electronic Design Automation','CEDA',''),(65,'Antennas & Propagation','AP',''),(66,'Signal Processing','SP',''),(67,'Computer','C',''),(68,'Power & Energy','PES',''),(69,'Circuits & Systems','CAS',''),(70,'Vehicular Technology','VT',''),(71,'Council on Superconductivity','ASC',''),(72,'Professional Communication','PC',''),(73,'Electromagnetic Compatibility','EMC',''),(74,'Solid State Circuits','SSC',''),(75,'Magnetics','MAG',''),(76,'Dielectrics & Electrical Insulation','DEI',''),(77,'Instrumentation & Measurement','IM',''),(78,'Robotics & Automation','RA',''),(79,'Communications','COMM',''),(80,'Computational Intelligence','CIS',''),(81,'Nuclear & Plasma Science','NPS',''),(82,'Systems, Man & Cybernetics','SMC',''),(83,'Technology Management Council','TMC',''),(84,'Ultrasonics, Ferroelectrics & Frequency Control','UFFC',''),(85,'Oceanic Engineering','OE',''),(86,'Engineering in Medicine & Biology','EMB',''),(87,'Electron Devices','ED',''),(88,'Geoscience & Remote Sensing','GRS',''),(89,'Broadcast Technology','BT',''),(90,'Photonics','PHO',''),(91,'Technical Activities Board','TAB','');
/*!40000 ALTER TABLE `ieeetags_society` ENABLE KEYS */;
UNLOCK TABLES;

--
-- Table structure for table `ieeetags_society_users`
--

DROP TABLE IF EXISTS `ieeetags_society_users`;
SET @saved_cs_client     = @@character_set_client;
SET character_set_client = utf8;
CREATE TABLE `ieeetags_society_users` (
  `id` int(11) NOT NULL auto_increment,
  `society_id` int(11) NOT NULL,
  `user_id` int(11) NOT NULL,
  PRIMARY KEY  (`id`),
  UNIQUE KEY `society_id` (`society_id`,`user_id`),
  KEY `user_id_refs_id_69d6ab23` (`user_id`),
  CONSTRAINT `user_id_refs_id_69d6ab23` FOREIGN KEY (`user_id`) REFERENCES `auth_user` (`id`),
  CONSTRAINT `society_id_refs_id_e1d6f1c` FOREIGN KEY (`society_id`) REFERENCES `ieeetags_society` (`id`)
) ENGINE=InnoDB AUTO_INCREMENT=2 DEFAULT CHARSET=latin1;
SET character_set_client = @saved_cs_client;

--
-- Dumping data for table `ieeetags_society_users`
--

LOCK TABLES `ieeetags_society_users` WRITE;
/*!40000 ALTER TABLE `ieeetags_society_users` DISABLE KEYS */;
INSERT INTO `ieeetags_society_users` VALUES (1,79,2);
/*!40000 ALTER TABLE `ieeetags_society_users` ENABLE KEYS */;
UNLOCK TABLES;
/*!40103 SET TIME_ZONE=@OLD_TIME_ZONE */;

/*!40101 SET SQL_MODE=@OLD_SQL_MODE */;
/*!40014 SET FOREIGN_KEY_CHECKS=@OLD_FOREIGN_KEY_CHECKS */;
/*!40014 SET UNIQUE_CHECKS=@OLD_UNIQUE_CHECKS */;
/*!40101 SET CHARACTER_SET_CLIENT=@OLD_CHARACTER_SET_CLIENT */;
/*!40101 SET CHARACTER_SET_RESULTS=@OLD_CHARACTER_SET_RESULTS */;
/*!40101 SET COLLATION_CONNECTION=@OLD_COLLATION_CONNECTION */;
/*!40111 SET SQL_NOTES=@OLD_SQL_NOTES */;

-- Dump completed on 2009-04-10 15:25:26
